seed,beta,duration,heartbeats_sent,heartbeats_delivered,false_elections,safety_violations,availability
1,0.0,10.0,800,715,4,172,0.014999999999999902
1,0.05,10.0,800,754,4,304,0.015000000000000013
1,0.1,10.0,796,790,4,274,0.015000000000000013
1,0.15000000000000002,10.0,792,763,4,189,0.015000000000000013
1,0.2,10.0,784,726,4,172,0.014999999999999902
1,0.25,10.0,776,688,4,215,0.014999999999999902
1,0.30000000000000004,10.0,764,652,4,195,0.015000000000000013
1,0.35000000000000003,10.0,752,617,4,169,0.015000000000000013
1,0.4,10.0,736,582,4,175,0.015000000000000013
1,0.45,10.0,716,548,4,155,0.015000000000000013
1,0.5,10.0,696,514,4,145,0.015000000000000013
1,0.55,10.0,672,480,4,157,0.014999999999999902
1,0.6000000000000001,10.0,644,445,4,119,0.015000000000000013
1,0.65,10.0,608,410,4,115,0.014999999999999902
1,0.7000000000000001,10.0,572,374,4,108,0.015000000000000013
1,0.75,10.0,532,337,4,110,0.015000000000000013
1,0.8,10.0,480,297,4,98,0.014999999999999902
1,0.8500000000000001,10.0,424,254,4,71,0.015000000000000013
1,0.9,10.0,352,205,4,61,0.014999999999999902
2,0.0,10.0,800,715,4,172,0.014999999999999902
2,0.05,10.0,800,754,4,304,0.015000000000000013
2,0.1,10.0,796,790,4,274,0.015000000000000013
2,0.15000000000000002,10.0,792,763,4,189,0.015000000000000013
2,0.2,10.0,784,726,4,172,0.014999999999999902
2,0.25,10.0,776,688,4,215,0.014999999999999902
2,0.30000000000000004,10.0,764,652,4,195,0.015000000000000013
2,0.35000000000000003,10.0,752,617,4,169,0.015000000000000013
2,0.4,10.0,736,582,4,175,0.015000000000000013
2,0.45,10.0,716,548,4,155,0.015000000000000013
2,0.5,10.0,696,514,4,145,0.015000000000000013
2,0.55,10.0,672,480,4,157,0.014999999999999902
2,0.6000000000000001,10.0,644,445,4,119,0.015000000000000013
2,0.65,10.0,608,410,4,115,0.014999999999999902
2,0.7000000000000001,10.0,572,374,4,108,0.015000000000000013
2,0.75,10.0,532,337,4,110,0.015000000000000013
2,0.8,10.0,480,297,4,98,0.014999999999999902
2,0.8500000000000001,10.0,424,254,4,71,0.015000000000000013
2,0.9,10.0,352,205,4,61,0.014999999999999902
3,0.0,10.0,800,715,4,172,0.014999999999999902
3,0.05,10.0,800,754,4,304,0.015000000000000013
3,0.1,10.0,796,790,4,274,0.015000000000000013
3,0.15000000000000002,10.0,792,763,4,189,0.015000000000000013
3,0.2,10.0,784,726,4,172,0.014999999999999902
3,0.25,10.0,776,688,4,215,0.014999999999999902
3,0.30000000000000004,10.0,764,652,4,195,0.015000000000000013
3,0.35000000000000003,10.0,752,617,4,169,0.015000000000000013
3,0.4,10.0,736,582,4,175,0.015000000000000013
3,0.45,10.0,716,548,4,155,0.015000000000000013
3,0.5,10.0,696,514,4,145,0.015000000000000013
3,0.55,10.0,672,480,4,157,0.014999999999999902
3,0.6000000000000001,10.0,644,445,4,119,0.015000000000000013
3,0.65,10.0,608,410,4,115,0.014999999999999902
3,0.7000000000000001,10.0,572,374,4,108,0.015000000000000013
3,0.75,10.0,532,337,4,110,0.015000000000000013
3,0.8,10.0,480,297,4,98,0.014999999999999902
3,0.8500000000000001,10.0,424,254,4,71,0.015000000000000013
3,0.9,10.0,352,205,4,61,0.014999999999999902
4,0.0,10.0,800,715,4,172,0.014999999999999902
4,0.05,10.0,800,754,4,304,0.015000000000000013
4,0.1,10.0,796,790,4,274,0.015000000000000013
4,0.15000000000000002,10.0,792,763,4,189,0.015000000000000013
4,0.2,10.0,784,726,4,172,0.014999999999999902
4,0.25,10.0,776,688,4,215,0.014999999999999902
4,0.30000000000000004,10.0,764,652,4,195,0.015000000000000013
4,0.35000000000000003,10.0,752,617,4,169,0.015000000000000013
4,0.4,10.0,736,582,4,175,0.015000000000000013
4,0.45,10.0,716,548,4,155,0.015000000000000013
4,0.5,10.0,696,514,4,145,0.015000000000000013
4,0.55,10.0,672,480,4,157,0.014999999999999902
4,0.6000000000000001,10.0,644,445,4,119,0.015000000000000013
4,0.65,10.0,608,410,4,115,0.014999999999999902
4,0.7000000000000001,10.0,572,374,4,108,0.015000000000000013
4,0.75,10.0,532,337,4,110,0.015000000000000013
4,0.8,10.0,480,297,4,98,0.014999999999999902
4,0.8500000000000001,10.0,424,254,4,71,0.015000000000000013
4,0.9,10.0,352,205,4,61,0.014999999999999902
5,0.0,10.0,800,715,4,172,0.014999999999999902
5,0.05,10.0,800,754,4,304,0.015000000000000013
5,0.1,10.0,796,790,4,274,0.015000000000000013
5,0.15000000000000002,10.0,792,763,4,189,0.015000000000000013
5,0.2,10.0,784,726,4,172,0.014999999999999902
5,0.25,10.0,776,688,4,215,0.014999999999999902
5,0.30000000000000004,10.0,764,652,4,195,0.015000000000000013
5,0.35000000000000003,10.0,752,617,4,169,0.015000000000000013
5,0.4,10.0,736,582,4,175,0.015000000000000013
5,0.45,10.0,716,548,4,155,0.015000000000000013
5,0.5,10.0,696,514,4,145,0.015000000000000013
5,0.55,10.0,672,480,4,157,0.014999999999999902
5,0.6000000000000001,10.0,644,445,4,119,0.015000000000000013
5,0.65,10.0,608,410,4,115,0.014999999999999902
5,0.7000000000000001,10.0,572,374,4,108,0.015000000000000013
5,0.75,10.0,532,337,4,110,0.015000000000000013
5,0.8,10.0,480,297,4,98,0.014999999999999902
5,0.8500000000000001,10.0,424,254,4,71,0.015000000000000013
5,0.9,10.0,352,205,4,61,0.014999999999999902
6,0.0,10.0,800,715,4,172,0.014999999999999902
6,0.05,10.0,800,754,4,304,0.015000000000000013
6,0.1,10.0,796,790,4,274,0.015000000000000013
6,0.15000000000000002,10.0,792,763,4,189,0.015000000000000013
6,0.2,10.0,784,726,4,172,0.014999999999999902
6,0.25,10.0,776,688,4,215,0.014999999999999902
6,0.30000000000000004,10.0,764,652,4,195,0.015000000000000013
6,0.35000000000000003,10.0,752,617,4,169,0.015000000000000013
6,0.4,10.0,736,582,4,175,0.015000000000000013
6,0.45,10.0,716,548,4,155,0.015000000000000013
6,0.5,10.0,696,514,4,145,0.015000000000000013
6,0.55,10.0,672,480,4,157,0.014999999999999902
6,0.6000000000000001,10.0,644,445,4,119,0.015000000000000013
6,0.65,10.0,608,410,4,115,0.014999999999999902
6,0.7000000000000001,10.0,572,374,4,108,0.015000000000000013
6,0.75,10.0,532,337,4,110,0.015000000000000013
6,0.8,10.0,480,297,4,98,0.014999999999999902
6,0.8500000000000001,10.0,424,254,4,71,0.015000000000000013
6,0.9,10.0,352,205,4,61,0.014999999999999902
7,0.0,10.0,800,715,4,172,0.014999999999999902
7,0.05,10.0,800,754,4,304,0.015000000000000013
7,0.1,10.0,796,790,4,274,0.015000000000000013
7,0.15000000000000002,10.0,792,763,4,189,0.015000000000000013
7,0.2,10.0,784,726,4,172,0.014999999999999902
7,0.25,10.0,776,688,4,215,0.014999999999999902
7,0.30000000000000004,10.0,764,652,4,195,0.015000000000000013
7,0.35000000000000003,10.0,752,617,4,169,0.015000000000000013
7,0.4,10.0,736,582,4,175,0.015000000000000013
7,0.45,10.0,716,548,4,155,0.015000000000000013
7,0.5,10.0,696,514,4,145,0.015000000000000013
7,0.55,10.0,672,480,4,157,0.014999999999999902
7,0.6000000000000001,10.0,644,445,4,119,0.015000000000000013
7,0.65,10.0,608,410,4,115,0.014999999999999902
7,0.7000000000000001,10.0,572,374,4,108,0.015000000000000013
7,0.75,10.0,532,337,4,110,0.015000000000000013
7,0.8,10.0,480,297,4,98,0.014999999999999902
7,0.8500000000000001,10.0,424,254,4,71,0.015000000000000013
7,0.9,10.0,352,205,4,61,0.014999999999999902
8,0.0,10.0,800,715,4,172,0.014999999999999902
8,0.05,10.0,800,754,4,304,0.015000000000000013
8,0.1,10.0,796,790,4,274,0.015000000000000013
8,0.15000000000000002,10.0,792,763,4,189,0.015000000000000013
8,0.2,10.0,784,726,4,172,0.014999999999999902
8,0.25,10.0,776,688,4,215,0.014999999999999902
8,0.30000000000000004,10.0,764,652,4,195,0.015000000000000013
8,0.35000000000000003,10.0,752,617,4,169,0.015000000000000013
8,0.4,10.0,736,582,4,175,0.015000000000000013
8,0.45,10.0,716,548,4,155,0.015000000000000013
8,0.5,10.0,696,514,4,145,0.015000000000000013
8,0.55,10.0,672,480,4,157,0.014999999999999902
8,0.6000000000000001,10.0,644,445,4,119,0.015000000000000013
8,0.65,10.0,608,410,4,115,0.014999999999999902
8,0.7000000000000001,10.0,572,374,4,108,0.015000000000000013
8,0.75,10.0,532,337,4,110,0.015000000000000013
8,0.8,10.0,480,297,4,98,0.014999999999999902
8,0.8500000000000001,10.0,424,254,4,71,0.015000000000000013
8,0.9,10.0,352,205,4,61,0.014999999999999902
9,0.0,10.0,800,715,4,172,0.014999999999999902
9,0.05,10.0,800,754,4,304,0.015000000000000013
9,0.1,10.0,796,790,4,274,0.015000000000000013
9,0.15000000000000002,10.0,792,763,4,189,0.015000000000000013
9,0.2,10.0,784,726,4,172,0.014999999999999902
9,0.25,10.0,776,688,4,215,0.014999999999999902
9,0.30000000000000004,10.0,764,652,4,195,0.015000000000000013
9,0.35000000000000003,10.0,752,617,4,169,0.015000000000000013
9,0.4,10.0,736,582,4,175,0.015000000000000013
9,0.45,10.0,716,548,4,155,0.015000000000000013
9,0.5,10.0,696,514,4,145,0.015000000000000013
9,0.55,10.0,672,480,4,157,0.014999999999999902
9,0.6000000000000001,10.0,644,445,4,119,0.015000000000000013
9,0.65,10.0,608,410,4,115,0.014999999999999902
9,0.7000000000000001,10.0,572,374,4,108,0.015000000000000013
9,0.75,10.0,532,337,4,110,0.015000000000000013
9,0.8,10.0,480,297,4,98,0.014999999999999902
9,0.8500000000000001,10.0,424,254,4,71,0.015000000000000013
9,0.9,10.0,352,205,4,61,0.014999999999999902
10,0.0,10.0,800,715,4,172,0.014999999999999902
10,0.05,10.0,800,754,4,304,0.015000000000000013
10,0.1,10.0,796,790,4,274,0.015000000000000013
10,0.15000000000000002,10.0,792,763,4,189,0.015000000000000013
10,0.2,10.0,784,726,4,172,0.014999999999999902
10,0.25,10.0,776,688,4,215,0.014999999999999902
10,0.30000000000000004,10.0,764,652,4,195,0.015000000000000013
10,0.35000000000000003,10.0,752,617,4,169,0.015000000000000013
10,0.4,10.0,736,582,4,175,0.015000000000000013
10,0.45,10.0,716,548,4,155,0.015000000000000013
10,0.5,10.0,696,514,4,145,0.015000000000000013
10,0.55,10.0,672,480,4,157,0.014999999999999902
10,0.6000000000000001,10.0,644,445,4,119,0.015000000000000013
10,0.65,10.0,608,410,4,115,0.014999999999999902
10,0.7000000000000001,10.0,572,374,4,108,0.015000000000000013
10,0.75,10.0,532,337,4,110,0.015000000000000013
10,0.8,10.0,480,297,4,98,0.014999999999999902
10,0.8500000000000001,10.0,424,254,4,71,0.015000000000000013
10,0.9,10.0,352,205,4,61,0.014999999999999902
11,0.0,10.0,800,715,4,172,0.014999999999999902
11,0.05,10.0,800,754,4,304,0.015000000000000013
11,0.1,10.0,796,790,4,274,0.015000000000000013
11,0.15000000000000002,10.0,792,763,4,189,0.015000000000000013
11,0.2,10.0,784,726,4,172,0.014999999999999902
11,0.25,10.0,776,688,4,215,0.014999999999999902
11,0.30000000000000004,10.0,764,652,4,195,0.015000000000000013
11,0.35000000000000003,10.0,752,617,4,169,0.015000000000000013
11,0.4,10.0,736,582,4,175,0.015000000000000013
11,0.45,10.0,716,548,4,155,0.015000000000000013
11,0.5,10.0,696,514,4,145,0.015000000000000013
11,0.55,10.0,672,480,4,157,0.014999999999999902
11,0.6000000000000001,10.0,644,445,4,119,0.015000000000000013
11,0.65,10.0,608,410,4,115,0.014999999999999902
11,0.7000000000000001,10.0,572,374,4,108,0.015000000000000013
11,0.75,10.0,532,337,4,110,0.015000000000000013
11,0.8,10.0,480,297,4,98,0.014999999999999902
11,0.8500000000000001,10.0,424,254,4,71,0.015000000000000013
11,0.9,10.0,352,205,4,61,0.014999999999999902
12,0.0,10.0,800,715,4,172,0.014999999999999902
12,0.05,10.0,800,754,4,304,0.015000000000000013
12,0.1,10.0,796,790,4,274,0.015000000000000013
12,0.15000000000000002,10.0,792,763,4,189,0.015000000000000013
12,0.2,10.0,784,726,4,172,0.014999999999999902
12,0.25,10.0,776,688,4,215,0.014999999999999902
12,0.30000000000000004,10.0,764,652,4,195,0.015000000000000013
12,0.35000000000000003,10.0,752,617,4,169,0.015000000000000013
12,0.4,10.0,736,582,4,175,0.015000000000000013
12,0.45,10.0,716,548,4,155,0.015000000000000013
12,0.5,10.0,696,514,4,145,0.015000000000000013
12,0.55,10.0,672,480,4,157,0.014999999999999902
12,0.6000000000000001,10.0,644,445,4,119,0.015000000000000013
12,0.65,10.0,608,410,4,115,0.014999999999999902
12,0.7000000000000001,10.0,572,374,4,108,0.015000000000000013
12,0.75,10.0,532,337,4,110,0.015000000000000013
12,0.8,10.0,480,297,4,98,0.014999999999999902
12,0.8500000000000001,10.0,424,254,4,71,0.015000000000000013
12,0.9,10.0,352,205,4,61,0.014999999999999902
13,0.0,10.0,800,715,4,172,0.014999999999999902
13,0.05,10.0,800,754,4,304,0.015000000000000013
13,0.1,10.0,796,790,4,274,0.015000000000000013
13,0.15000000000000002,10.0,792,763,4,189,0.015000000000000013
13,0.2,10.0,784,726,4,172,0.014999999999999902
13,0.25,10.0,776,688,4,215,0.014999999999999902
13,0.30000000000000004,10.0,764,652,4,195,0.015000000000000013
13,0.35000000000000003,10.0,752,617,4,169,0.015000000000000013
13,0.4,10.0,736,582,4,175,0.015000000000000013
13,0.45,10.0,716,548,4,155,0.015000000000000013
13,0.5,10.0,696,514,4,145,0.015000000000000013
13,0.55,10.0,672,480,4,157,0.014999999999999902
13,0.6000000000000001,10.0,644,445,4,119,0.015000000000000013
13,0.65,10.0,608,410,4,115,0.014999999999999902
13,0.7000000000000001,10.0,572,374,4,108,0.015000000000000013
13,0.75,10.0,532,337,4,110,0.015000000000000013
13,0.8,10.0,480,297,4,98,0.014999999999999902
13,0.8500000000000001,10.0,424,254,4,71,0.015000000000000013
13,0.9,10.0,352,205,4,61,0.014999999999999902
14,0.0,10.0,800,715,4,172,0.014999999999999902
14,0.05,10.0,800,754,4,304,0.015000000000000013
14,0.1,10.0,796,790,4,274,0.015000000000000013
14,0.15000000000000002,10.0,792,763,4,189,0.015000000000000013
14,0.2,10.0,784,726,4,172,0.014999999999999902
14,0.25,10.0,776,688,4,215,0.014999999999999902
14,0.30000000000000004,10.0,764,652,4,195,0.015000000000000013
14,0.35000000000000003,10.0,752,617,4,169,0.015000000000000013
14,0.4,10.0,736,582,4,175,0.015000000000000013
14,0.45,10.0,716,548,4,155,0.015000000000000013
14,0.5,10.0,696,514,4,145,0.015000000000000013
14,0.55,10.0,672,480,4,157,0.014999999999999902
14,0.6000000000000001,10.0,644,445,4,119,0.015000000000000013
14,0.65,10.0,608,410,4,115,0.014999999999999902
14,0.7000000000000001,10.0,572,374,4,108,0.015000000000000013
14,0.75,10.0,532,337,4,110,0.015000000000000013
14,0.8,10.0,480,297,4,98,0.014999999999999902
14,0.8500000000000001,10.0,424,254,4,71,0.015000000000000013
14,0.9,10.0,352,205,4,61,0.014999999999999902
15,0.0,10.0,800,715,4,172,0.014999999999999902
15,0.05,10.0,800,754,4,304,0.015000000000000013
15,0.1,10.0,796,790,4,274,0.015000000000000013
15,0.15000000000000002,10.0,792,763,4,189,0.015000000000000013
15,0.2,10.0,784,726,4,172,0.014999999999999902
15,0.25,10.0,776,688,4,215,0.014999999999999902
15,0.30000000000000004,10.0,764,652,4,195,0.015000000000000013
15,0.35000000000000003,10.0,752,617,4,169,0.015000000000000013
15,0.4,10.0,736,582,4,175,0.015000000000000013
15,0.45,10.0,716,548,4,155,0.015000000000000013
15,0.5,10.0,696,514,4,145,0.015000000000000013
15,0.55,10.0,672,480,4,157,0.014999999999999902
15,0.6000000000000001,10.0,644,445,4,119,0.015000000000000013
15,0.65,10.0,608,410,4,115,0.014999999999999902
15,0.7000000000000001,10.0,572,374,4,108,0.015000000000000013
15,0.75,10.0,532,337,4,110,0.015000000000000013
15,0.8,10.0,480,297,4,98,0.014999999999999902
15,0.8500000000000001,10.0,424,254,4,71,0.015000000000000013
15,0.9,10.0,352,205,4,61,0.014999999999999902
16,0.0,10.0,800,715,4,172,0.014999999999999902
16,0.05,10.0,800,754,4,304,0.015000000000000013
16,0.1,10.0,796,790,4,274,0.015000000000000013
16,0.15000000000000002,10.0,792,763,4,189,0.015000000000000013
16,0.2,10.0,784,726,4,172,0.014999999999999902
16,0.25,10.0,776,688,4,215,0.014999999999999902
16,0.30000000000000004,10.0,764,652,4,195,0.015000000000000013
16,0.35000000000000003,10.0,752,617,4,169,0.015000000000000013
16,0.4,10.0,736,582,4,175,0.015000000000000013
16,0.45,10.0,716,548,4,155,0.015000000000000013
16,0.5,10.0,696,514,4,145,0.015000000000000013
16,0.55,10.0,672,480,4,157,0.014999999999999902
16,0.6000000000000001,10.0,644,445,4,119,0.015000000000000013
16,0.65,10.0,608,410,4,115,0.014999999999999902
16,0.7000000000000001,10.0,572,374,4,108,0.015000000000000013
16,0.75,10.0,532,337,4,110,0.015000000000000013
16,0.8,10.0,480,297,4,98,0.014999999999999902
16,0.8500000000000001,10.0,424,254,4,71,0.015000000000000013
16,0.9,10.0,352,205,4,61,0.014999999999999902
17,0.0,10.0,800,715,4,172,0.014999999999999902
17,0.05,10.0,800,754,4,304,0.015000000000000013
17,0.1,10.0,796,790,4,274,0.015000000000000013
17,0.15000000000000002,10.0,792,763,4,189,0.015000000000000013
17,0.2,10.0,784,726,4,172,0.014999999999999902
17,0.25,10.0,776,688,4,215,0.014999999999999902
17,0.30000000000000004,10.0,764,652,4,195,0.015000000000000013
17,0.35000000000000003,10.0,752,617,4,169,0.015000000000000013
17,0.4,10.0,736,582,4,175,0.015000000000000013
17,0.45,10.0,716,548,4,155,0.015000000000000013
17,0.5,10.0,696,514,4,145,0.015000000000000013
17,0.55,10.0,672,480,4,157,0.014999999999999902
17,0.6000000000000001,10.0,644,445,4,119,0.015000000000000013
17,0.65,10.0,608,410,4,115,0.014999999999999902
17,0.7000000000000001,10.0,572,374,4,108,0.015000000000000013
17,0.75,10.0,532,337,4,110,0.015000000000000013
17,0.8,10.0,480,297,4,98,0.014999999999999902
17,0.8500000000000001,10.0,424,254,4,71,0.015000000000000013
17,0.9,10.0,352,205,4,61,0.014999999999999902
18,0.0,10.0,800,715,4,172,0.014999999999999902
18,0.05,10.0,800,754,4,304,0.015000000000000013
18,0.1,10.0,796,790,4,274,0.015000000000000013
18,0.15000000000000002,10.0,792,763,4,189,0.015000000000000013
18,0.2,10.0,784,726,4,172,0.014999999999999902
18,0.25,10.0,776,688,4,215,0.014999999999999902
18,0.30000000000000004,10.0,764,652,4,195,0.015000000000000013
18,0.35000000000000003,10.0,752,617,4,169,0.015000000000000013
18,0.4,10.0,736,582,4,175,0.015000000000000013
18,0.45,10.0,716,548,4,155,0.015000000000000013
18,0.5,10.0,696,514,4,145,0.015000000000000013
18,0.55,10.0,672,480,4,157,0.014999999999999902
18,0.6000000000000001,10.0,644,445,4,119,0.015000000000000013
18,0.65,10.0,608,410,4,115,0.014999999999999902
18,0.7000000000000001,10.0,572,374,4,108,0.015000000000000013
18,0.75,10.0,532,337,4,110,0.015000000000000013
18,0.8,10.0,480,297,4,98,0.014999999999999902
18,0.8500000000000001,10.0,424,254,4,71,0.015000000000000013
18,0.9,10.0,352,205,4,61,0.014999999999999902
19,0.0,10.0,800,715,4,172,0.014999999999999902
19,0.05,10.0,800,754,4,304,0.015000000000000013
19,0.1,10.0,796,790,4,274,0.015000000000000013
19,0.15000000000000002,10.0,792,763,4,189,0.015000000000000013
19,0.2,10.0,784,726,4,172,0.014999999999999902
19,0.25,10.0,776,688,4,215,0.014999999999999902
19,0.30000000000000004,10.0,764,652,4,195,0.015000000000000013
19,0.35000000000000003,10.0,752,617,4,169,0.015000000000000013
19,0.4,10.0,736,582,4,175,0.015000000000000013
19,0.45,10.0,716,548,4,155,0.015000000000000013
19,0.5,10.0,696,514,4,145,0.015000000000000013
19,0.55,10.0,672,480,4,157,0.014999999999999902
19,0.6000000000000001,10.0,644,445,4,119,0.015000000000000013
19,0.65,10.0,608,410,4,115,0.014999999999999902
19,0.7000000000000001,10.0,572,374,4,108,0.015000000000000013
19,0.75,10.0,532,337,4,110,0.015000000000000013
19,0.8,10.0,480,297,4,98,0.014999999999999902
19,0.8500000000000001,10.0,424,254,4,71,0.015000000000000013
19,0.9,10.0,352,205,4,61,0.014999999999999902
20,0.0,10.0,800,715,4,172,0.014999999999999902
20,0.05,10.0,800,754,4,304,0.015000000000000013
20,0.1,10.0,796,790,4,274,0.015000000000000013
20,0.15000000000000002,10.0,792,763,4,189,0.015000000000000013
20,0.2,10.0,784,726,4,172,0.014999999999999902
20,0.25,10.0,776,688,4,215,0.014999999999999902
20,0.30000000000000004,10.0,764,652,4,195,0.015000000000000013
20,0.35000000000000003,10.0,752,617,4,169,0.015000000000000013
20,0.4,10.0,736,582,4,175,0.015000000000000013
20,0.45,10.0,716,548,4,155,0.015000000000000013
20,0.5,10.0,696,514,4,145,0.015000000000000013
20,0.55,10.0,672,480,4,157,0.014999999999999902
20,0.6000000000000001,10.0,644,445,4,119,0.015000000000000013
20,0.65,10.0,608,410,4,115,0.014999999999999902
20,0.7000000000000001,10.0,572,374,4,108,0.015000000000000013
20,0.75,10.0,532,337,4,110,0.015000000000000013
20,0.8,10.0,480,297,4,98,0.014999999999999902
20,0.8500000000000001,10.0,424,254,4,71,0.015000000000000013
20,0.9,10.0,352,205,4,61,0.014999999999999902
21,0.0,10.0,800,715,4,172,0.014999999999999902
21,0.05,10.0,800,754,4,304,0.015000000000000013
21,0.1,10.0,796,790,4,274,0.015000000000000013
21,0.15000000000000002,10.0,792,763,4,189,0.015000000000000013
21,0.2,10.0,784,726,4,172,0.014999999999999902
21,0.25,10.0,776,688,4,215,0.014999999999999902
21,0.30000000000000004,10.0,764,652,4,195,0.015000000000000013
21,0.35000000000000003,10.0,752,617,4,169,0.015000000000000013
21,0.4,10.0,736,582,4,175,0.015000000000000013
21,0.45,10.0,716,548,4,155,0.015000000000000013
21,0.5,10.0,696,514,4,145,0.015000000000000013
21,0.55,10.0,672,480,4,157,0.014999999999999902
21,0.6000000000000001,10.0,644,445,4,119,0.015000000000000013
21,0.65,10.0,608,410,4,115,0.014999999999999902
21,0.7000000000000001,10.0,572,374,4,108,0.015000000000000013
21,0.75,10.0,532,337,4,110,0.015000000000000013
21,0.8,10.0,480,297,4,98,0.014999999999999902
21,0.8500000000000001,10.0,424,254,4,71,0.015000000000000013
21,0.9,10.0,352,205,4,61,0.014999999999999902
22,0.0,10.0,800,715,4,172,0.014999999999999902
22,0.05,10.0,800,754,4,304,0.015000000000000013
22,0.1,10.0,796,790,4,274,0.015000000000000013
22,0.15000000000000002,10.0,792,763,4,189,0.015000000000000013
22,0.2,10.0,784,726,4,172,0.014999999999999902
22,0.25,10.0,776,688,4,215,0.014999999999999902
22,0.30000000000000004,10.0,764,652,4,195,0.015000000000000013
22,0.35000000000000003,10.0,752,617,4,169,0.015000000000000013
22,0.4,10.0,736,582,4,175,0.015000000000000013
22,0.45,10.0,716,548,4,155,0.015000000000000013
22,0.5,10.0,696,514,4,145,0.015000000000000013
22,0.55,10.0,672,480,4,157,0.014999999999999902
22,0.6000000000000001,10.0,644,445,4,119,0.015000000000000013
22,0.65,10.0,608,410,4,115,0.014999999999999902
22,0.7000000000000001,10.0,572,374,4,108,0.015000000000000013
22,0.75,10.0,532,337,4,110,0.015000000000000013
22,0.8,10.0,480,297,4,98,0.014999999999999902
22,0.8500000000000001,10.0,424,254,4,71,0.015000000000000013
22,0.9,10.0,352,205,4,61,0.014999999999999902
23,0.0,10.0,800,715,4,172,0.014999999999999902
23,0.05,10.0,800,754,4,304,0.015000000000000013
23,0.1,10.0,796,790,4,274,0.015000000000000013
23,0.15000000000000002,10.0,792,763,4,189,0.015000000000000013
23,0.2,10.0,784,726,4,172,0.014999999999999902
23,0.25,10.0,776,688,4,215,0.014999999999999902
23,0.30000000000000004,10.0,764,652,4,195,0.015000000000000013
23,0.35000000000000003,10.0,752,617,4,169,0.015000000000000013
23,0.4,10.0,736,582,4,175,0.015000000000000013
23,0.45,10.0,716,548,4,155,0.015000000000000013
23,0.5,10.0,696,514,4,145,0.015000000000000013
23,0.55,10.0,672,480,4,157,0.014999999999999902
23,0.6000000000000001,10.0,644,445,4,119,0.015000000000000013
23,0.65,10.0,608,410,4,115,0.014999999999999902
23,0.7000000000000001,10.0,572,374,4,108,0.015000000000000013
23,0.75,10.0,532,337,4,110,0.015000000000000013
23,0.8,10.0,480,297,4,98,0.014999999999999902
23,0.8500000000000001,10.0,424,254,4,71,0.015000000000000013
23,0.9,10.0,352,205,4,61,0.014999999999999902
24,0.0,10.0,800,715,4,172,0.014999999999999902
24,0.05,10.0,800,754,4,304,0.015000000000000013
24,0.1,10.0,796,790,4,274,0.015000000000000013
24,0.15000000000000002,10.0,792,763,4,189,0.015000000000000013
24,0.2,10.0,784,726,4,172,0.014999999999999902
24,0.25,10.0,776,688,4,215,0.014999999999999902
24,0.30000000000000004,10.0,764,652,4,195,0.015000000000000013
24,0.35000000000000003,10.0,752,617,4,169,0.015000000000000013
24,0.4,10.0,736,582,4,175,0.015000000000000013
24,0.45,10.0,716,548,4,155,0.015000000000000013
24,0.5,10.0,696,514,4,145,0.015000000000000013
24,0.55,10.0,672,480,4,157,0.014999999999999902
24,0.6000000000000001,10.0,644,445,4,119,0.015000000000000013
24,0.65,10.0,608,410,4,115,0.014999999999999902
24,0.7000000000000001,10.0,572,374,4,108,0.015000000000000013
24,0.75,10.0,532,337,4,110,0.015000000000000013
24,0.8,10.0,480,297,4,98,0.014999999999999902
24,0.8500000000000001,10.0,424,254,4,71,0.015000000000000013
24,0.9,10.0,352,205,4,61,0.014999999999999902
25,0.0,10.0,800,715,4,172,0.014999999999999902
25,0.05,10.0,800,754,4,304,0.015000000000000013
25,0.1,10.0,796,790,4,274,0.015000000000000013
25,0.15000000000000002,10.0,792,763,4,189,0.015000000000000013
25,0.2,10.0,784,726,4,172,0.014999999999999902
25,0.25,10.0,776,688,4,215,0.014999999999999902
25,0.30000000000000004,10.0,764,652,4,195,0.015000000000000013
25,0.35000000000000003,10.0,752,617,4,169,0.015000000000000013
25,0.4,10.0,736,582,4,175,0.015000000000000013
25,0.45,10.0,716,548,4,155,0.015000000000000013
25,0.5,10.0,696,514,4,145,0.015000000000000013
25,0.55,10.0,672,480,4,157,0.014999999999999902
25,0.6000000000000001,10.0,644,445,4,119,0.015000000000000013
25,0.65,10.0,608,410,4,115,0.014999999999999902
25,0.7000000000000001,10.0,572,374,4,108,0.015000000000000013
25,0.75,10.0,532,337,4,110,0.015000000000000013
25,0.8,10.0,480,297,4,98,0.014999999999999902
25,0.8500000000000001,10.0,424,254,4,71,0.015000000000000013
25,0.9,10.0,352,205,4,61,0.014999999999999902
26,0.0,10.0,800,715,4,172,0.014999999999999902
26,0.05,10.0,800,754,4,304,0.015000000000000013
26,0.1,10.0,796,790,4,274,0.015000000000000013
26,0.15000000000000002,10.0,792,763,4,189,0.015000000000000013
26,0.2,10.0,784,726,4,172,0.014999999999999902
26,0.25,10.0,776,688,4,215,0.014999999999999902
26,0.30000000000000004,10.0,764,652,4,195,0.015000000000000013
26,0.35000000000000003,10.0,752,617,4,169,0.015000000000000013
26,0.4,10.0,736,582,4,175,0.015000000000000013
26,0.45,10.0,716,548,4,155,0.015000000000000013
26,0.5,10.0,696,514,4,145,0.015000000000000013
26,0.55,10.0,672,480,4,157,0.014999999999999902
26,0.6000000000000001,10.0,644,445,4,119,0.015000000000000013
26,0.65,10.0,608,410,4,115,0.014999999999999902
26,0.7000000000000001,10.0,572,374,4,108,0.015000000000000013
26,0.75,10.0,532,337,4,110,0.015000000000000013
26,0.8,10.0,480,297,4,98,0.014999999999999902
26,0.8500000000000001,10.0,424,254,4,71,0.015000000000000013
26,0.9,10.0,352,205,4,61,0.014999999999999902
27,0.0,10.0,800,715,4,172,0.014999999999999902
27,0.05,10.0,800,754,4,304,0.015000000000000013
27,0.1,10.0,796,790,4,274,0.015000000000000013
27,0.15000000000000002,10.0,792,763,4,189,0.015000000000000013
27,0.2,10.0,784,726,4,172,0.014999999999999902
27,0.25,10.0,776,688,4,215,0.014999999999999902
27,0.30000000000000004,10.0,764,652,4,195,0.015000000000000013
27,0.35000000000000003,10.0,752,617,4,169,0.015000000000000013
27,0.4,10.0,736,582,4,175,0.015000000000000013
27,0.45,10.0,716,548,4,155,0.015000000000000013
27,0.5,10.0,696,514,4,145,0.015000000000000013
27,0.55,10.0,672,480,4,157,0.014999999999999902
27,0.6000000000000001,10.0,644,445,4,119,0.015000000000000013
27,0.65,10.0,608,410,4,115,0.014999999999999902
27,0.7000000000000001,10.0,572,374,4,108,0.015000000000000013
27,0.75,10.0,532,337,4,110,0.015000000000000013
27,0.8,10.0,480,297,4,98,0.014999999999999902
27,0.8500000000000001,10.0,424,254,4,71,0.015000000000000013
27,0.9,10.0,352,205,4,61,0.014999999999999902
28,0.0,10.0,800,715,4,172,0.014999999999999902
28,0.05,10.0,800,754,4,304,0.015000000000000013
28,0.1,10.0,796,790,4,274,0.015000000000000013
28,0.15000000000000002,10.0,792,763,4,189,0.015000000000000013
28,0.2,10.0,784,726,4,172,0.014999999999999902
28,0.25,10.0,776,688,4,215,0.014999999999999902
28,0.30000000000000004,10.0,764,652,4,195,0.015000000000000013
28,0.35000000000000003,10.0,752,617,4,169,0.015000000000000013
28,0.4,10.0,736,582,4,175,0.015000000000000013
28,0.45,10.0,716,548,4,155,0.015000000000000013
28,0.5,10.0,696,514,4,145,0.015000000000000013
28,0.55,10.0,672,480,4,157,0.014999999999999902
28,0.6000000000000001,10.0,644,445,4,119,0.015000000000000013
28,0.65,10.0,608,410,4,115,0.014999999999999902
28,0.7000000000000001,10.0,572,374,4,108,0.015000000000000013
28,0.75,10.0,532,337,4,110,0.015000000000000013
28,0.8,10.0,480,297,4,98,0.014999999999999902
28,0.8500000000000001,10.0,424,254,4,71,0.015000000000000013
28,0.9,10.0,352,205,4,61,0.014999999999999902
29,0.0,10.0,800,715,4,172,0.014999999999999902
29,0.05,10.0,800,754,4,304,0.015000000000000013
29,0.1,10.0,796,790,4,274,0.015000000000000013
29,0.15000000000000002,10.0,792,763,4,189,0.015000000000000013
29,0.2,10.0,784,726,4,172,0.014999999999999902
29,0.25,10.0,776,688,4,215,0.014999999999999902
29,0.30000000000000004,10.0,764,652,4,195,0.015000000000000013
29,0.35000000000000003,10.0,752,617,4,169,0.015000000000000013
29,0.4,10.0,736,582,4,175,0.015000000000000013
29,0.45,10.0,716,548,4,155,0.015000000000000013
29,0.5,10.0,696,514,4,145,0.015000000000000013
29,0.55,10.0,672,480,4,157,0.014999999999999902
29,0.6000000000000001,10.0,644,445,4,119,0.015000000000000013
29,0.65,10.0,608,410,4,115,0.014999999999999902
29,0.7000000000000001,10.0,572,374,4,108,0.015000000000000013
29,0.75,10.0,532,337,4,110,0.015000000000000013
29,0.8,10.0,480,297,4,98,0.014999999999999902
29,0.8500000000000001,10.0,424,254,4,71,0.015000000000000013
29,0.9,10.0,352,205,4,61,0.014999999999999902
30,0.0,10.0,800,715,4,172,0.014999999999999902
30,0.05,10.0,800,754,4,304,0.015000000000000013
30,0.1,10.0,796,790,4,274,0.015000000000000013
30,0.15000000000000002,10.0,792,763,4,189,0.015000000000000013
30,0.2,10.0,784,726,4,172,0.014999999999999902
30,0.25,10.0,776,688,4,215,0.014999999999999902
30,0.30000000000000004,10.0,764,652,4,195,0.015000000000000013
30,0.35000000000000003,10.0,752,617,4,169,0.015000000000000013
30,0.4,10.0,736,582,4,175,0.015000000000000013
30,0.45,10.0,716,548,4,155,0.015000000000000013
30,0.5,10.0,696,514,4,145,0.015000000000000013
30,0.55,10.0,672,480,4,157,0.014999999999999902
30,0.6000000000000001,10.0,644,445,4,119,0.015000000000000013
30,0.65,10.0,608,410,4,115,0.014999999999999902
30,0.7000000000000001,10.0,572,374,4,108,0.015000000000000013
30,0.75,10.0,532,337,4,110,0.015000000000000013
30,0.8,10.0,480,297,4,98,0.014999999999999902
30,0.8500000000000001,10.0,424,254,4,71,0.015000000000000013
30,0.9,10.0,352,205,4,61,0.014999999999999902
31,0.0,10.0,800,715,4,172,0.014999999999999902
31,0.05,10.0,800,754,4,304,0.015000000000000013
31,0.1,10.0,796,790,4,274,0.015000000000000013
31,0.15000000000000002,10.0,792,763,4,189,0.015000000000000013
31,0.2,10.0,784,726,4,172,0.014999999999999902
31,0.25,10.0,776,688,4,215,0.014999999999999902
31,0.30000000000000004,10.0,764,652,4,195,0.015000000000000013
31,0.35000000000000003,10.0,752,617,4,169,0.015000000000000013
31,0.4,10.0,736,582,4,175,0.015000000000000013
31,0.45,10.0,716,548,4,155,0.015000000000000013
31,0.5,10.0,696,514,4,145,0.015000000000000013
31,0.55,10.0,672,480,4,157,0.014999999999999902
31,0.6000000000000001,10.0,644,445,4,119,0.015000000000000013
31,0.65,10.0,608,410,4,115,0.014999999999999902
31,0.7000000000000001,10.0,572,374,4,108,0.015000000000000013
31,0.75,10.0,532,337,4,110,0.015000000000000013
31,0.8,10.0,480,297,4,98,0.014999999999999902
31,0.8500000000000001,10.0,424,254,4,71,0.015000000000000013
31,0.9,10.0,352,205,4,61,0.014999999999999902
32,0.0,10.0,800,715,4,172,0.014999999999999902
32,0.05,10.0,800,754,4,304,0.015000000000000013
32,0.1,10.0,796,790,4,274,0.015000000000000013
32,0.15000000000000002,10.0,792,763,4,189,0.015000000000000013
32,0.2,10.0,784,726,4,172,0.014999999999999902
32,0.25,10.0,776,688,4,215,0.014999999999999902
32,0.30000000000000004,10.0,764,652,4,195,0.015000000000000013
32,0.35000000000000003,10.0,752,617,4,169,0.015000000000000013
32,0.4,10.0,736,582,4,175,0.015000000000000013
32,0.45,10.0,716,548,4,155,0.015000000000000013
32,0.5,10.0,696,514,4,145,0.015000000000000013
32,0.55,10.0,672,480,4,157,0.014999999999999902
32,0.6000000000000001,10.0,644,445,4,119,0.015000000000000013
32,0.65,10.0,608,410,4,115,0.014999999999999902
32,0.7000000000000001,10.0,572,374,4,108,0.015000000000000013
32,0.75,10.0,532,337,4,110,0.015000000000000013
32,0.8,10.0,480,297,4,98,0.014999999999999902
32,0.8500000000000001,10.0,424,254,4,71,0.015000000000000013
32,0.9,10.0,352,205,4,61,0.014999999999999902
33,0.0,10.0,800,715,4,172,0.014999999999999902
33,0.05,10.0,800,754,4,304,0.015000000000000013
33,0.1,10.0,796,790,4,274,0.015000000000000013
33,0.15000000000000002,10.0,792,763,4,189,0.015000000000000013
33,0.2,10.0,784,726,4,172,0.014999999999999902
33,0.25,10.0,776,688,4,215,0.014999999999999902
33,0.30000000000000004,10.0,764,652,4,195,0.015000000000000013
33,0.35000000000000003,10.0,752,617,4,169,0.015000000000000013
33,0.4,10.0,736,582,4,175,0.015000000000000013
33,0.45,10.0,716,548,4,155,0.015000000000000013
33,0.5,10.0,696,514,4,145,0.015000000000000013
33,0.55,10.0,672,480,4,157,0.014999999999999902
33,0.6000000000000001,10.0,644,445,4,119,0.015000000000000013
33,0.65,10.0,608,410,4,115,0.014999999999999902
33,0.7000000000000001,10.0,572,374,4,108,0.015000000000000013
33,0.75,10.0,532,337,4,110,0.015000000000000013
33,0.8,10.0,480,297,4,98,0.014999999999999902
33,0.8500000000000001,10.0,424,254,4,71,0.015000000000000013
33,0.9,10.0,352,205,4,61,0.014999999999999902
34,0.0,10.0,800,715,4,172,0.014999999999999902
34,0.05,10.0,800,754,4,304,0.015000000000000013
34,0.1,10.0,796,790,4,274,0.015000000000000013
34,0.15000000000000002,10.0,792,763,4,189,0.015000000000000013
34,0.2,10.0,784,726,4,172,0.014999999999999902
34,0.25,10.0,776,688,4,215,0.014999999999999902
34,0.30000000000000004,10.0,764,652,4,195,0.015000000000000013
34,0.35000000000000003,10.0,752,617,4,169,0.015000000000000013
34,0.4,10.0,736,582,4,175,0.015000000000000013
34,0.45,10.0,716,548,4,155,0.015000000000000013
34,0.5,10.0,696,514,4,145,0.015000000000000013
34,0.55,10.0,672,480,4,157,0.014999999999999902
34,0.6000000000000001,10.0,644,445,4,119,0.015000000000000013
34,0.65,10.0,608,410,4,115,0.014999999999999902
34,0.7000000000000001,10.0,572,374,4,108,0.015000000000000013
34,0.75,10.0,532,337,4,110,0.015000000000000013
34,0.8,10.0,480,297,4,98,0.014999999999999902
34,0.8500000000000001,10.0,424,254,4,71,0.015000000000000013
34,0.9,10.0,352,205,4,61,0.014999999999999902
35,0.0,10.0,800,715,4,172,0.014999999999999902
35,0.05,10.0,800,754,4,304,0.015000000000000013
35,0.1,10.0,796,790,4,274,0.015000000000000013
35,0.15000000000000002,10.0,792,763,4,189,0.015000000000000013
35,0.2,10.0,784,726,4,172,0.014999999999999902
35,0.25,10.0,776,688,4,215,0.014999999999999902
35,0.30000000000000004,10.0,764,652,4,195,0.015000000000000013
35,0.35000000000000003,10.0,752,617,4,169,0.015000000000000013
35,0.4,10.0,736,582,4,175,0.015000000000000013
35,0.45,10.0,716,548,4,155,0.015000000000000013
35,0.5,10.0,696,514,4,145,0.015000000000000013
35,0.55,10.0,672,480,4,157,0.014999999999999902
35,0.6000000000000001,10.0,644,445,4,119,0.015000000000000013
35,0.65,10.0,608,410,4,115,0.014999999999999902
35,0.7000000000000001,10.0,572,374,4,108,0.015000000000000013
35,0.75,10.0,532,337,4,110,0.015000000000000013
35,0.8,10.0,480,297,4,98,0.014999999999999902
35,0.8500000000000001,10.0,424,254,4,71,0.015000000000000013
35,0.9,10.0,352,205,4,61,0.014999999999999902
36,0.0,10.0,800,715,4,172,0.014999999999999902
36,0.05,10.0,800,754,4,304,0.015000000000000013
36,0.1,10.0,796,790,4,274,0.015000000000000013
36,0.15000000000000002,10.0,792,763,4,189,0.015000000000000013
36,0.2,10.0,784,726,4,172,0.014999999999999902
36,0.25,10.0,776,688,4,215,0.014999999999999902
36,0.30000000000000004,10.0,764,652,4,195,0.015000000000000013
36,0.35000000000000003,10.0,752,617,4,169,0.015000000000000013
36,0.4,10.0,736,582,4,175,0.015000000000000013
36,0.45,10.0,716,548,4,155,0.015000000000000013
36,0.5,10.0,696,514,4,145,0.015000000000000013
36,0.55,10.0,672,480,4,157,0.014999999999999902
36,0.6000000000000001,10.0,644,445,4,119,0.015000000000000013
36,0.65,10.0,608,410,4,115,0.014999999999999902
36,0.7000000000000001,10.0,572,374,4,108,0.015000000000000013
36,0.75,10.0,532,337,4,110,0.015000000000000013
36,0.8,10.0,480,297,4,98,0.014999999999999902
36,0.8500000000000001,10.0,424,254,4,71,0.015000000000000013
36,0.9,10.0,352,205,4,61,0.014999999999999902
37,0.0,10.0,800,715,4,172,0.014999999999999902
37,0.05,10.0,800,754,4,304,0.015000000000000013
37,0.1,10.0,796,790,4,274,0.015000000000000013
37,0.15000000000000002,10.0,792,763,4,189,0.015000000000000013
37,0.2,10.0,784,726,4,172,0.014999999999999902
37,0.25,10.0,776,688,4,215,0.014999999999999902
37,0.30000000000000004,10.0,764,652,4,195,0.015000000000000013
37,0.35000000000000003,10.0,752,617,4,169,0.015000000000000013
37,0.4,10.0,736,582,4,175,0.015000000000000013
37,0.45,10.0,716,548,4,155,0.015000000000000013
37,0.5,10.0,696,514,4,145,0.015000000000000013
37,0.55,10.0,672,480,4,157,0.014999999999999902
37,0.6000000000000001,10.0,644,445,4,119,0.015000000000000013
37,0.65,10.0,608,410,4,115,0.014999999999999902
37,0.7000000000000001,10.0,572,374,4,108,0.015000000000000013
37,0.75,10.0,532,337,4,110,0.015000000000000013
37,0.8,10.0,480,297,4,98,0.014999999999999902
37,0.8500000000000001,10.0,424,254,4,71,0.015000000000000013
37,0.9,10.0,352,205,4,61,0.014999999999999902
38,0.0,10.0,800,715,4,172,0.014999999999999902
38,0.05,10.0,800,754,4,304,0.015000000000000013
38,0.1,10.0,796,790,4,274,0.015000000000000013
38,0.15000000000000002,10.0,792,763,4,189,0.015000000000000013
38,0.2,10.0,784,726,4,172,0.014999999999999902
38,0.25,10.0,776,688,4,215,0.014999999999999902
38,0.30000000000000004,10.0,764,652,4,195,0.015000000000000013
38,0.35000000000000003,10.0,752,617,4,169,0.015000000000000013
38,0.4,10.0,736,582,4,175,0.015000000000000013
38,0.45,10.0,716,548,4,155,0.015000000000000013
38,0.5,10.0,696,514,4,145,0.015000000000000013
38,0.55,10.0,672,480,4,157,0.014999999999999902
38,0.6000000000000001,10.0,644,445,4,119,0.015000000000000013
38,0.65,10.0,608,410,4,115,0.014999999999999902
38,0.7000000000000001,10.0,572,374,4,108,0.015000000000000013
38,0.75,10.0,532,337,4,110,0.015000000000000013
38,0.8,10.0,480,297,4,98,0.014999999999999902
38,0.8500000000000001,10.0,424,254,4,71,0.015000000000000013
38,0.9,10.0,352,205,4,61,0.014999999999999902
39,0.0,10.0,800,715,4,172,0.014999999999999902
39,0.05,10.0,800,754,4,304,0.015000000000000013
39,0.1,10.0,796,790,4,274,0.015000000000000013
39,0.15000000000000002,10.0,792,763,4,189,0.015000000000000013
39,0.2,10.0,784,726,4,172,0.014999999999999902
39,0.25,10.0,776,688,4,215,0.014999999999999902
39,0.30000000000000004,10.0,764,652,4,195,0.015000000000000013
39,0.35000000000000003,10.0,752,617,4,169,0.015000000000000013
39,0.4,10.0,736,582,4,175,0.015000000000000013
39,0.45,10.0,716,548,4,155,0.015000000000000013
39,0.5,10.0,696,514,4,145,0.015000000000000013
39,0.55,10.0,672,480,4,157,0.014999999999999902
39,0.6000000000000001,10.0,644,445,4,119,0.015000000000000013
39,0.65,10.0,608,410,4,115,0.014999999999999902
39,0.7000000000000001,10.0,572,374,4,108,0.015000000000000013
39,0.75,10.0,532,337,4,110,0.015000000000000013
39,0.8,10.0,480,297,4,98,0.014999999999999902
39,0.8500000000000001,10.0,424,254,4,71,0.015000000000000013
39,0.9,10.0,352,205,4,61,0.014999999999999902
40,0.0,10.0,800,715,4,172,0.014999999999999902
40,0.05,10.0,800,754,4,304,0.015000000000000013
40,0.1,10.0,796,790,4,274,0.015000000000000013
40,0.15000000000000002,10.0,792,763,4,189,0.015000000000000013
40,0.2,10.0,784,726,4,172,0.014999999999999902
40,0.25,10.0,776,688,4,215,0.014999999999999902
40,0.30000000000000004,10.0,764,652,4,195,0.015000000000000013
40,0.35000000000000003,10.0,752,617,4,169,0.015000000000000013
40,0.4,10.0,736,582,4,175,0.015000000000000013
40,0.45,10.0,716,548,4,155,0.015000000000000013
40,0.5,10.0,696,514,4,145,0.015000000000000013
40,0.55,10.0,672,480,4,157,0.014999999999999902
40,0.6000000000000001,10.0,644,445,4,119,0.015000000000000013
40,0.65,10.0,608,410,4,115,0.014999999999999902
40,0.7000000000000001,10.0,572,374,4,108,0.015000000000000013
40,0.75,10.0,532,337,4,110,0.015000000000000013
40,0.8,10.0,480,297,4,98,0.014999999999999902
40,0.8500000000000001,10.0,424,254,4,71,0.015000000000000013
40,0.9,10.0,352,205,4,61,0.014999999999999902
41,0.0,10.0,800,715,4,172,0.014999999999999902
41,0.05,10.0,800,754,4,304,0.015000000000000013
41,0.1,10.0,796,790,4,274,0.015000000000000013
41,0.15000000000000002,10.0,792,763,4,189,0.015000000000000013
41,0.2,10.0,784,726,4,172,0.014999999999999902
41,0.25,10.0,776,688,4,215,0.014999999999999902
41,0.30000000000000004,10.0,764,652,4,195,0.015000000000000013
41,0.35000000000000003,10.0,752,617,4,169,0.015000000000000013
41,0.4,10.0,736,582,4,175,0.015000000000000013
41,0.45,10.0,716,548,4,155,0.015000000000000013
41,0.5,10.0,696,514,4,145,0.015000000000000013
41,0.55,10.0,672,480,4,157,0.014999999999999902
41,0.6000000000000001,10.0,644,445,4,119,0.015000000000000013
41,0.65,10.0,608,410,4,115,0.014999999999999902
41,0.7000000000000001,10.0,572,374,4,108,0.015000000000000013
41,0.75,10.0,532,337,4,110,0.015000000000000013
41,0.8,10.0,480,297,4,98,0.014999999999999902
41,0.8500000000000001,10.0,424,254,4,71,0.015000000000000013
41,0.9,10.0,352,205,4,61,0.014999999999999902
42,0.0,10.0,800,715,4,172,0.014999999999999902
42,0.05,10.0,800,754,4,304,0.015000000000000013
42,0.1,10.0,796,790,4,274,0.015000000000000013
42,0.15000000000000002,10.0,792,763,4,189,0.015000000000000013
42,0.2,10.0,784,726,4,172,0.014999999999999902
42,0.25,10.0,776,688,4,215,0.014999999999999902
42,0.30000000000000004,10.0,764,652,4,195,0.015000000000000013
42,0.35000000000000003,10.0,752,617,4,169,0.015000000000000013
42,0.4,10.0,736,582,4,175,0.015000000000000013
42,0.45,10.0,716,548,4,155,0.015000000000000013
42,0.5,10.0,696,514,4,145,0.015000000000000013
42,0.55,10.0,672,480,4,157,0.014999999999999902
42,0.6000000000000001,10.0,644,445,4,119,0.015000000000000013
42,0.65,10.0,608,410,4,115,0.014999999999999902
42,0.7000000000000001,10.0,572,374,4,108,0.015000000000000013
42,0.75,10.0,532,337,4,110,0.015000000000000013
42,0.8,10.0,480,297,4,98,0.014999999999999902
42,0.8500000000000001,10.0,424,254,4,71,0.015000000000000013
42,0.9,10.0,352,205,4,61,0.014999999999999902
43,0.0,10.0,800,715,4,172,0.014999999999999902
43,0.05,10.0,800,754,4,304,0.015000000000000013
43,0.1,10.0,796,790,4,274,0.015000000000000013
43,0.15000000000000002,10.0,792,763,4,189,0.015000000000000013
43,0.2,10.0,784,726,4,172,0.014999999999999902
43,0.25,10.0,776,688,4,215,0.014999999999999902
43,0.30000000000000004,10.0,764,652,4,195,0.015000000000000013
43,0.35000000000000003,10.0,752,617,4,169,0.015000000000000013
43,0.4,10.0,736,582,4,175,0.015000000000000013
43,0.45,10.0,716,548,4,155,0.015000000000000013
43,0.5,10.0,696,514,4,145,0.015000000000000013
43,0.55,10.0,672,480,4,157,0.014999999999999902
43,0.6000000000000001,10.0,644,445,4,119,0.015000000000000013
43,0.65,10.0,608,410,4,115,0.014999999999999902
43,0.7000000000000001,10.0,572,374,4,108,0.015000000000000013
43,0.75,10.0,532,337,4,110,0.015000000000000013
43,0.8,10.0,480,297,4,98,0.014999999999999902
43,0.8500000000000001,10.0,424,254,4,71,0.015000000000000013
43,0.9,10.0,352,205,4,61,0.014999999999999902
44,0.0,10.0,800,715,4,172,0.014999999999999902
44,0.05,10.0,800,754,4,304,0.015000000000000013
44,0.1,10.0,796,790,4,274,0.015000000000000013
44,0.15000000000000002,10.0,792,763,4,189,0.015000000000000013
44,0.2,10.0,784,726,4,172,0.014999999999999902
44,0.25,10.0,776,688,4,215,0.014999999999999902
44,0.30000000000000004,10.0,764,652,4,195,0.015000000000000013
44,0.35000000000000003,10.0,752,617,4,169,0.015000000000000013
44,0.4,10.0,736,582,4,175,0.015000000000000013
44,0.45,10.0,716,548,4,155,0.015000000000000013
44,0.5,10.0,696,514,4,145,0.015000000000000013
44,0.55,10.0,672,480,4,157,0.014999999999999902
44,0.6000000000000001,10.0,644,445,4,119,0.015000000000000013
44,0.65,10.0,608,410,4,115,0.014999999999999902
44,0.7000000000000001,10.0,572,374,4,108,0.015000000000000013
44,0.75,10.0,532,337,4,110,0.015000000000000013
44,0.8,10.0,480,297,4,98,0.014999999999999902
44,0.8500000000000001,10.0,424,254,4,71,0.015000000000000013
44,0.9,10.0,352,205,4,61,0.014999999999999902
45,0.0,10.0,800,715,4,172,0.014999999999999902
45,0.05,10.0,800,754,4,304,0.015000000000000013
45,0.1,10.0,796,790,4,274,0.015000000000000013
45,0.15000000000000002,10.0,792,763,4,189,0.015000000000000013
45,0.2,10.0,784,726,4,172,0.014999999999999902
45,0.25,10.0,776,688,4,215,0.014999999999999902
45,0.30000000000000004,10.0,764,652,4,195,0.015000000000000013
45,0.35000000000000003,10.0,752,617,4,169,0.015000000000000013
45,0.4,10.0,736,582,4,175,0.015000000000000013
45,0.45,10.0,716,548,4,155,0.015000000000000013
45,0.5,10.0,696,514,4,145,0.015000000000000013
45,0.55,10.0,672,480,4,157,0.014999999999999902
45,0.6000000000000001,10.0,644,445,4,119,0.015000000000000013
45,0.65,10.0,608,410,4,115,0.014999999999999902
45,0.7000000000000001,10.0,572,374,4,108,0.015000000000000013
45,0.75,10.0,532,337,4,110,0.015000000000000013
45,0.8,10.0,480,297,4,98,0.014999999999999902
45,0.8500000000000001,10.0,424,254,4,71,0.015000000000000013
45,0.9,10.0,352,205,4,61,0.014999999999999902
46,0.0,10.0,800,715,4,172,0.014999999999999902
46,0.05,10.0,800,754,4,304,0.015000000000000013
46,0.1,10.0,796,790,4,274,0.015000000000000013
46,0.15000000000000002,10.0,792,763,4,189,0.015000000000000013
46,0.2,10.0,784,726,4,172,0.014999999999999902
46,0.25,10.0,776,688,4,215,0.014999999999999902
46,0.30000000000000004,10.0,764,652,4,195,0.015000000000000013
46,0.35000000000000003,10.0,752,617,4,169,0.015000000000000013
46,0.4,10.0,736,582,4,175,0.015000000000000013
46,0.45,10.0,716,548,4,155,0.015000000000000013
46,0.5,10.0,696,514,4,145,0.015000000000000013
46,0.55,10.0,672,480,4,157,0.014999999999999902
46,0.6000000000000001,10.0,644,445,4,119,0.015000000000000013
46,0.65,10.0,608,410,4,115,0.014999999999999902
46,0.7000000000000001,10.0,572,374,4,108,0.015000000000000013
46,0.75,10.0,532,337,4,110,0.015000000000000013
46,0.8,10.0,480,297,4,98,0.014999999999999902
46,0.8500000000000001,10.0,424,254,4,71,0.015000000000000013
46,0.9,10.0,352,205,4,61,0.014999999999999902
47,0.0,10.0,800,715,4,172,0.014999999999999902
47,0.05,10.0,800,754,4,304,0.015000000000000013
47,0.1,10.0,796,790,4,274,0.015000000000000013
47,0.15000000000000002,10.0,792,763,4,189,0.015000000000000013
47,0.2,10.0,784,726,4,172,0.014999999999999902
47,0.25,10.0,776,688,4,215,0.014999999999999902
47,0.30000000000000004,10.0,764,652,4,195,0.015000000000000013
47,0.35000000000000003,10.0,752,617,4,169,0.015000000000000013
47,0.4,10.0,736,582,4,175,0.015000000000000013
47,0.45,10.0,716,548,4,155,0.015000000000000013
47,0.5,10.0,696,514,4,145,0.015000000000000013
47,0.55,10.0,672,480,4,157,0.014999999999999902
47,0.6000000000000001,10.0,644,445,4,119,0.015000000000000013
47,0.65,10.0,608,410,4,115,0.014999999999999902
47,0.7000000000000001,10.0,572,374,4,108,0.015000000000000013
47,0.75,10.0,532,337,4,110,0.015000000000000013
47,0.8,10.0,480,297,4,98,0.014999999999999902
47,0.8500000000000001,10.0,424,254,4,71,0.015000000000000013
47,0.9,10.0,352,205,4,61,0.014999999999999902
48,0.0,10.0,800,715,4,172,0.014999999999999902
48,0.05,10.0,800,754,4,304,0.015000000000000013
48,0.1,10.0,796,790,4,274,0.015000000000000013
48,0.15000000000000002,10.0,792,763,4,189,0.015000000000000013
48,0.2,10.0,784,726,4,172,0.014999999999999902
48,0.25,10.0,776,688,4,215,0.014999999999999902
48,0.30000000000000004,10.0,764,652,4,195,0.015000000000000013
48,0.35000000000000003,10.0,752,617,4,169,0.015000000000000013
48,0.4,10.0,736,582,4,175,0.015000000000000013
48,0.45,10.0,716,548,4,155,0.015000000000000013
48,0.5,10.0,696,514,4,145,0.015000000000000013
48,0.55,10.0,672,480,4,157,0.014999999999999902
48,0.6000000000000001,10.0,644,445,4,119,0.015000000000000013
48,0.65,10.0,608,410,4,115,0.014999999999999902
48,0.7000000000000001,10.0,572,374,4,108,0.015000000000000013
48,0.75,10.0,532,337,4,110,0.015000000000000013
48,0.8,10.0,480,297,4,98,0.014999999999999902
48,0.8500000000000001,10.0,424,254,4,71,0.015000000000000013
48,0.9,10.0,352,205,4,61,0.014999999999999902
49,0.0,10.0,800,715,4,172,0.014999999999999902
49,0.05,10.0,800,754,4,304,0.015000000000000013
49,0.1,10.0,796,790,4,274,0.015000000000000013
49,0.15000000000000002,10.0,792,763,4,189,0.015000000000000013
49,0.2,10.0,784,726,4,172,0.014999999999999902
49,0.25,10.0,776,688,4,215,0.014999999999999902
49,0.30000000000000004,10.0,764,652,4,195,0.015000000000000013
49,0.35000000000000003,10.0,752,617,4,169,0.015000000000000013
49,0.4,10.0,736,582,4,175,0.015000000000000013
49,0.45,10.0,716,548,4,155,0.015000000000000013
49,0.5,10.0,696,514,4,145,0.015000000000000013
49,0.55,10.0,672,480,4,157,0.014999999999999902
49,0.6000000000000001,10.0,644,445,4,119,0.015000000000000013
49,0.65,10.0,608,410,4,115,0.014999999999999902
49,0.7000000000000001,10.0,572,374,4,108,0.015000000000000013
49,0.75,10.0,532,337,4,110,0.015000000000000013
49,0.8,10.0,480,297,4,98,0.014999999999999902
49,0.8500000000000001,10.0,424,254,4,71,0.015000000000000013
49,0.9,10.0,352,205,4,61,0.014999999999999902
50,0.0,10.0,800,715,4,172,0.014999999999999902
50,0.05,10.0,800,754,4,304,0.015000000000000013
50,0.1,10.0,796,790,4,274,0.015000000000000013
50,0.15000000000000002,10.0,792,763,4,189,0.015000000000000013
50,0.2,10.0,784,726,4,172,0.014999999999999902
50,0.25,10.0,776,688,4,215,0.014999999999999902
50,0.30000000000000004,10.0,764,652,4,195,0.015000000000000013
50,0.35000000000000003,10.0,752,617,4,169,0.015000000000000013
50,0.4,10.0,736,582,4,175,0.015000000000000013
50,0.45,10.0,716,548,4,155,0.015000000000000013
50,0.5,10.0,696,514,4,145,0.015000000000000013
50,0.55,10.0,672,480,4,157,0.014999999999999902
50,0.6000000000000001,10.0,644,445,4,119,0.015000000000000013
50,0.65,10.0,608,410,4,115,0.014999999999999902
50,0.7000000000000001,10.0,572,374,4,108,0.015000000000000013
50,0.75,10.0,532,337,4,110,0.015000000000000013
50,0.8,10.0,480,297,4,98,0.014999999999999902
50,0.8500000000000001,10.0,424,254,4,71,0.015000000000000013
50,0.9,10.0,352,205,4,61,0.014999999999999902
51,0.0,10.0,800,715,4,172,0.014999999999999902
51,0.05,10.0,800,754,4,304,0.015000000000000013
51,0.1,10.0,796,790,4,274,0.015000000000000013
51,0.15000000000000002,10.0,792,763,4,189,0.015000000000000013
51,0.2,10.0,784,726,4,172,0.014999999999999902
51,0.25,10.0,776,688,4,215,0.014999999999999902
51,0.30000000000000004,10.0,764,652,4,195,0.015000000000000013
51,0.35000000000000003,10.0,752,617,4,169,0.015000000000000013
51,0.4,10.0,736,582,4,175,0.015000000000000013
51,0.45,10.0,716,548,4,155,0.015000000000000013
51,0.5,10.0,696,514,4,145,0.015000000000000013
51,0.55,10.0,672,480,4,157,0.014999999999999902
51,0.6000000000000001,10.0,644,445,4,119,0.015000000000000013
51,0.65,10.0,608,410,4,115,0.014999999999999902
51,0.7000000000000001,10.0,572,374,4,108,0.015000000000000013
51,0.75,10.0,532,337,4,110,0.015000000000000013
51,0.8,10.0,480,297,4,98,0.014999999999999902
51,0.8500000000000001,10.0,424,254,4,71,0.015000000000000013
51,0.9,10.0,352,205,4,61,0.014999999999999902
52,0.0,10.0,800,715,4,172,0.014999999999999902
52,0.05,10.0,800,754,4,304,0.015000000000000013
52,0.1,10.0,796,790,4,274,0.015000000000000013
52,0.15000000000000002,10.0,792,763,4,189,0.015000000000000013
52,0.2,10.0,784,726,4,172,0.014999999999999902
52,0.25,10.0,776,688,4,215,0.014999999999999902
52,0.30000000000000004,10.0,764,652,4,195,0.015000000000000013
52,0.35000000000000003,10.0,752,617,4,169,0.015000000000000013
52,0.4,10.0,736,582,4,175,0.015000000000000013
52,0.45,10.0,716,548,4,155,0.015000000000000013
52,0.5,10.0,696,514,4,145,0.015000000000000013
52,0.55,10.0,672,480,4,157,0.014999999999999902
52,0.6000000000000001,10.0,644,445,4,119,0.015000000000000013
52,0.65,10.0,608,410,4,115,0.014999999999999902
52,0.7000000000000001,10.0,572,374,4,108,0.015000000000000013
52,0.75,10.0,532,337,4,110,0.015000000000000013
52,0.8,10.0,480,297,4,98,0.014999999999999902
52,0.8500000000000001,10.0,424,254,4,71,0.015000000000000013
52,0.9,10.0,352,205,4,61,0.014999999999999902
53,0.0,10.0,800,715,4,172,0.014999999999999902
53,0.05,10.0,800,754,4,304,0.015000000000000013
53,0.1,10.0,796,790,4,274,0.015000000000000013
53,0.15000000000000002,10.0,792,763,4,189,0.015000000000000013
53,0.2,10.0,784,726,4,172,0.014999999999999902
53,0.25,10.0,776,688,4,215,0.014999999999999902
53,0.30000000000000004,10.0,764,652,4,195,0.015000000000000013
53,0.35000000000000003,10.0,752,617,4,169,0.015000000000000013
53,0.4,10.0,736,582,4,175,0.015000000000000013
53,0.45,10.0,716,548,4,155,0.015000000000000013
53,0.5,10.0,696,514,4,145,0.015000000000000013
53,0.55,10.0,672,480,4,157,0.014999999999999902
53,0.6000000000000001,10.0,644,445,4,119,0.015000000000000013
53,0.65,10.0,608,410,4,115,0.014999999999999902
53,0.7000000000000001,10.0,572,374,4,108,0.015000000000000013
53,0.75,10.0,532,337,4,110,0.015000000000000013
53,0.8,10.0,480,297,4,98,0.014999999999999902
53,0.8500000000000001,10.0,424,254,4,71,0.015000000000000013
53,0.9,10.0,352,205,4,61,0.014999999999999902
54,0.0,10.0,800,715,4,172,0.014999999999999902
54,0.05,10.0,800,754,4,304,0.015000000000000013
54,0.1,10.0,796,790,4,274,0.015000000000000013
54,0.15000000000000002,10.0,792,763,4,189,0.015000000000000013
54,0.2,10.0,784,726,4,172,0.014999999999999902
54,0.25,10.0,776,688,4,215,0.014999999999999902
54,0.30000000000000004,10.0,764,652,4,195,0.015000000000000013
54,0.35000000000000003,10.0,752,617,4,169,0.015000000000000013
54,0.4,10.0,736,582,4,175,0.015000000000000013
54,0.45,10.0,716,548,4,155,0.015000000000000013
54,0.5,10.0,696,514,4,145,0.015000000000000013
54,0.55,10.0,672,480,4,157,0.014999999999999902
54,0.6000000000000001,10.0,644,445,4,119,0.015000000000000013
54,0.65,10.0,608,410,4,115,0.014999999999999902
54,0.7000000000000001,10.0,572,374,4,108,0.015000000000000013
54,0.75,10.0,532,337,4,110,0.015000000000000013
54,0.8,10.0,480,297,4,98,0.014999999999999902
54,0.8500000000000001,10.0,424,254,4,71,0.015000000000000013
54,0.9,10.0,352,205,4,61,0.014999999999999902
55,0.0,10.0,800,715,4,172,0.014999999999999902
55,0.05,10.0,800,754,4,304,0.015000000000000013
55,0.1,10.0,796,790,4,274,0.015000000000000013
55,0.15000000000000002,10.0,792,763,4,189,0.015000000000000013
55,0.2,10.0,784,726,4,172,0.014999999999999902
55,0.25,10.0,776,688,4,215,0.014999999999999902
55,0.30000000000000004,10.0,764,652,4,195,0.015000000000000013
55,0.35000000000000003,10.0,752,617,4,169,0.015000000000000013
55,0.4,10.0,736,582,4,175,0.015000000000000013
55,0.45,10.0,716,548,4,155,0.015000000000000013
55,0.5,10.0,696,514,4,145,0.015000000000000013
55,0.55,10.0,672,480,4,157,0.014999999999999902
55,0.6000000000000001,10.0,644,445,4,119,0.015000000000000013
55,0.65,10.0,608,410,4,115,0.014999999999999902
55,0.7000000000000001,10.0,572,374,4,108,0.015000000000000013
55,0.75,10.0,532,337,4,110,0.015000000000000013
55,0.8,10.0,480,297,4,98,0.014999999999999902
55,0.8500000000000001,10.0,424,254,4,71,0.015000000000000013
55,0.9,10.0,352,205,4,61,0.014999999999999902
56,0.0,10.0,800,715,4,172,0.014999999999999902
56,0.05,10.0,800,754,4,304,0.015000000000000013
56,0.1,10.0,796,790,4,274,0.015000000000000013
56,0.15000000000000002,10.0,792,763,4,189,0.015000000000000013
56,0.2,10.0,784,726,4,172,0.014999999999999902
56,0.25,10.0,776,688,4,215,0.014999999999999902
56,0.30000000000000004,10.0,764,652,4,195,0.015000000000000013
56,0.35000000000000003,10.0,752,617,4,169,0.015000000000000013
56,0.4,10.0,736,582,4,175,0.015000000000000013
56,0.45,10.0,716,548,4,155,0.015000000000000013
56,0.5,10.0,696,514,4,145,0.015000000000000013
56,0.55,10.0,672,480,4,157,0.014999999999999902
56,0.6000000000000001,10.0,644,445,4,119,0.015000000000000013
56,0.65,10.0,608,410,4,115,0.014999999999999902
56,0.7000000000000001,10.0,572,374,4,108,0.015000000000000013
56,0.75,10.0,532,337,4,110,0.015000000000000013
56,0.8,10.0,480,297,4,98,0.014999999999999902
56,0.8500000000000001,10.0,424,254,4,71,0.015000000000000013
56,0.9,10.0,352,205,4,61,0.014999999999999902
57,0.0,10.0,800,715,4,172,0.014999999999999902
57,0.05,10.0,800,754,4,304,0.015000000000000013
57,0.1,10.0,796,790,4,274,0.015000000000000013
57,0.15000000000000002,10.0,792,763,4,189,0.015000000000000013
57,0.2,10.0,784,726,4,172,0.014999999999999902
57,0.25,10.0,776,688,4,215,0.014999999999999902
57,0.30000000000000004,10.0,764,652,4,195,0.015000000000000013
57,0.35000000000000003,10.0,752,617,4,169,0.015000000000000013
57,0.4,10.0,736,582,4,175,0.015000000000000013
57,0.45,10.0,716,548,4,155,0.015000000000000013
57,0.5,10.0,696,514,4,145,0.015000000000000013
57,0.55,10.0,672,480,4,157,0.014999999999999902
57,0.6000000000000001,10.0,644,445,4,119,0.015000000000000013
57,0.65,10.0,608,410,4,115,0.014999999999999902
57,0.7000000000000001,10.0,572,374,4,108,0.015000000000000013
57,0.75,10.0,532,337,4,110,0.015000000000000013
57,0.8,10.0,480,297,4,98,0.014999999999999902
57,0.8500000000000001,10.0,424,254,4,71,0.015000000000000013
57,0.9,10.0,352,205,4,61,0.014999999999999902
58,0.0,10.0,800,715,4,172,0.014999999999999902
58,0.05,10.0,800,754,4,304,0.015000000000000013
58,0.1,10.0,796,790,4,274,0.015000000000000013
58,0.15000000000000002,10.0,792,763,4,189,0.015000000000000013
58,0.2,10.0,784,726,4,172,0.014999999999999902
58,0.25,10.0,776,688,4,215,0.014999999999999902
58,0.30000000000000004,10.0,764,652,4,195,0.015000000000000013
58,0.35000000000000003,10.0,752,617,4,169,0.015000000000000013
58,0.4,10.0,736,582,4,175,0.015000000000000013
58,0.45,10.0,716,548,4,155,0.015000000000000013
58,0.5,10.0,696,514,4,145,0.015000000000000013
58,0.55,10.0,672,480,4,157,0.014999999999999902
58,0.6000000000000001,10.0,644,445,4,119,0.015000000000000013
58,0.65,10.0,608,410,4,115,0.014999999999999902
58,0.7000000000000001,10.0,572,374,4,108,0.015000000000000013
58,0.75,10.0,532,337,4,110,0.015000000000000013
58,0.8,10.0,480,297,4,98,0.014999999999999902
58,0.8500000000000001,10.0,424,254,4,71,0.015000000000000013
58,0.9,10.0,352,205,4,61,0.014999999999999902
59,0.0,10.0,800,715,4,172,0.014999999999999902
59,0.05,10.0,800,754,4,304,0.015000000000000013
59,0.1,10.0,796,790,4,274,0.015000000000000013
59,0.15000000000000002,10.0,792,763,4,189,0.015000000000000013
59,0.2,10.0,784,726,4,172,0.014999999999999902
59,0.25,10.0,776,688,4,215,0.014999999999999902
59,0.30000000000000004,10.0,764,652,4,195,0.015000000000000013
59,0.35000000000000003,10.0,752,617,4,169,0.015000000000000013
59,0.4,10.0,736,582,4,175,0.015000000000000013
59,0.45,10.0,716,548,4,155,0.015000000000000013
59,0.5,10.0,696,514,4,145,0.015000000000000013
59,0.55,10.0,672,480,4,157,0.014999999999999902
59,0.6000000000000001,10.0,644,445,4,119,0.015000000000000013
59,0.65,10.0,608,410,4,115,0.014999999999999902
59,0.7000000000000001,10.0,572,374,4,108,0.015000000000000013
59,0.75,10.0,532,337,4,110,0.015000000000000013
59,0.8,10.0,480,297,4,98,0.014999999999999902
59,0.8500000000000001,10.0,424,254,4,71,0.015000000000000013
59,0.9,10.0,352,205,4,61,0.014999999999999902
60,0.0,10.0,800,715,4,172,0.014999999999999902
60,0.05,10.0,800,754,4,304,0.015000000000000013
60,0.1,10.0,796,790,4,274,0.015000000000000013
60,0.15000000000000002,10.0,792,763,4,189,0.015000000000000013
60,0.2,10.0,784,726,4,172,0.014999999999999902
60,0.25,10.0,776,688,4,215,0.014999999999999902
60,0.30000000000000004,10.0,764,652,4,195,0.015000000000000013
60,0.35000000000000003,10.0,752,617,4,169,0.015000000000000013
60,0.4,10.0,736,582,4,175,0.015000000000000013
60,0.45,10.0,716,548,4,155,0.015000000000000013
60,0.5,10.0,696,514,4,145,0.015000000000000013
60,0.55,10.0,672,480,4,157,0.014999999999999902
60,0.6000000000000001,10.0,644,445,4,119,0.015000000000000013
60,0.65,10.0,608,410,4,115,0.014999999999999902
60,0.7000000000000001,10.0,572,374,4,108,0.015000000000000013
60,0.75,10.0,532,337,4,110,0.015000000000000013
60,0.8,10.0,480,297,4,98,0.014999999999999902
60,0.8500000000000001,10.0,424,254,4,71,0.015000000000000013
60,0.9,10.0,352,205,4,61,0.014999999999999902
61,0.0,10.0,800,715,4,172,0.014999999999999902
61,0.05,10.0,800,754,4,304,0.015000000000000013
61,0.1,10.0,796,790,4,274,0.015000000000000013
61,0.15000000000000002,10.0,792,763,4,189,0.015000000000000013
61,0.2,10.0,784,726,4,172,0.014999999999999902
61,0.25,10.0,776,688,4,215,0.014999999999999902
61,0.30000000000000004,10.0,764,652,4,195,0.015000000000000013
61,0.35000000000000003,10.0,752,617,4,169,0.015000000000000013
61,0.4,10.0,736,582,4,175,0.015000000000000013
61,0.45,10.0,716,548,4,155,0.015000000000000013
61,0.5,10.0,696,514,4,145,0.015000000000000013
61,0.55,10.0,672,480,4,157,0.014999999999999902
61,0.6000000000000001,10.0,644,445,4,119,0.015000000000000013
61,0.65,10.0,608,410,4,115,0.014999999999999902
61,0.7000000000000001,10.0,572,374,4,108,0.015000000000000013
61,0.75,10.0,532,337,4,110,0.015000000000000013
61,0.8,10.0,480,297,4,98,0.014999999999999902
61,0.8500000000000001,10.0,424,254,4,71,0.015000000000000013
61,0.9,10.0,352,205,4,61,0.014999999999999902
62,0.0,10.0,800,715,4,172,0.014999999999999902
62,0.05,10.0,800,754,4,304,0.015000000000000013
62,0.1,10.0,796,790,4,274,0.015000000000000013
62,0.15000000000000002,10.0,792,763,4,189,0.015000000000000013
62,0.2,10.0,784,726,4,172,0.014999999999999902
62,0.25,10.0,776,688,4,215,0.014999999999999902
62,0.30000000000000004,10.0,764,652,4,195,0.015000000000000013
62,0.35000000000000003,10.0,752,617,4,169,0.015000000000000013
62,0.4,10.0,736,582,4,175,0.015000000000000013
62,0.45,10.0,716,548,4,155,0.015000000000000013
62,0.5,10.0,696,514,4,145,0.015000000000000013
62,0.55,10.0,672,480,4,157,0.014999999999999902
62,0.6000000000000001,10.0,644,445,4,119,0.015000000000000013
62,0.65,10.0,608,410,4,115,0.014999999999999902
62,0.7000000000000001,10.0,572,374,4,108,0.015000000000000013
62,0.75,10.0,532,337,4,110,0.015000000000000013
62,0.8,10.0,480,297,4,98,0.014999999999999902
62,0.8500000000000001,10.0,424,254,4,71,0.015000000000000013
62,0.9,10.0,352,205,4,61,0.014999999999999902
63,0.0,10.0,800,715,4,172,0.014999999999999902
63,0.05,10.0,800,754,4,304,0.015000000000000013
63,0.1,10.0,796,790,4,274,0.015000000000000013
63,0.15000000000000002,10.0,792,763,4,189,0.015000000000000013
63,0.2,10.0,784,726,4,172,0.014999999999999902
63,0.25,10.0,776,688,4,215,0.014999999999999902
63,0.30000000000000004,10.0,764,652,4,195,0.015000000000000013
63,0.35000000000000003,10.0,752,617,4,169,0.015000000000000013
63,0.4,10.0,736,582,4,175,0.015000000000000013
63,0.45,10.0,716,548,4,155,0.015000000000000013
63,0.5,10.0,696,514,4,145,0.015000000000000013
63,0.55,10.0,672,480,4,157,0.014999999999999902
63,0.6000000000000001,10.0,644,445,4,119,0.015000000000000013
63,0.65,10.0,608,410,4,115,0.014999999999999902
63,0.7000000000000001,10.0,572,374,4,108,0.015000000000000013
63,0.75,10.0,532,337,4,110,0.015000000000000013
63,0.8,10.0,480,297,4,98,0.014999999999999902
63,0.8500000000000001,10.0,424,254,4,71,0.015000000000000013
63,0.9,10.0,352,205,4,61,0.014999999999999902
64,0.0,10.0,800,715,4,172,0.014999999999999902
64,0.05,10.0,800,754,4,304,0.015000000000000013
64,0.1,10.0,796,790,4,274,0.015000000000000013
64,0.15000000000000002,10.0,792,763,4,189,0.015000000000000013
64,0.2,10.0,784,726,4,172,0.014999999999999902
64,0.25,10.0,776,688,4,215,0.014999999999999902
64,0.30000000000000004,10.0,764,652,4,195,0.015000000000000013
64,0.35000000000000003,10.0,752,617,4,169,0.015000000000000013
64,0.4,10.0,736,582,4,175,0.015000000000000013
64,0.45,10.0,716,548,4,155,0.015000000000000013
64,0.5,10.0,696,514,4,145,0.015000000000000013
64,0.55,10.0,672,480,4,157,0.014999999999999902
64,0.6000000000000001,10.0,644,445,4,119,0.015000000000000013
64,0.65,10.0,608,410,4,115,0.014999999999999902
64,0.7000000000000001,10.0,572,374,4,108,0.015000000000000013
64,0.75,10.0,532,337,4,110,0.015000000000000013
64,0.8,10.0,480,297,4,98,0.014999999999999902
64,0.8500000000000001,10.0,424,254,4,71,0.015000000000000013
64,0.9,10.0,352,205,4,61,0.014999999999999902
65,0.0,10.0,800,715,4,172,0.014999999999999902
65,0.05,10.0,800,754,4,304,0.015000000000000013
65,0.1,10.0,796,790,4,274,0.015000000000000013
65,0.15000000000000002,10.0,792,763,4,189,0.015000000000000013
65,0.2,10.0,784,726,4,172,0.014999999999999902
65,0.25,10.0,776,688,4,215,0.014999999999999902
65,0.30000000000000004,10.0,764,652,4,195,0.015000000000000013
65,0.35000000000000003,10.0,752,617,4,169,0.015000000000000013
65,0.4,10.0,736,582,4,175,0.015000000000000013
65,0.45,10.0,716,548,4,155,0.015000000000000013
65,0.5,10.0,696,514,4,145,0.015000000000000013
65,0.55,10.0,672,480,4,157,0.014999999999999902
65,0.6000000000000001,10.0,644,445,4,119,0.015000000000000013
65,0.65,10.0,608,410,4,115,0.014999999999999902
65,0.7000000000000001,10.0,572,374,4,108,0.015000000000000013
65,0.75,10.0,532,337,4,110,0.015000000000000013
65,0.8,10.0,480,297,4,98,0.014999999999999902
65,0.8500000000000001,10.0,424,254,4,71,0.015000000000000013
65,0.9,10.0,352,205,4,61,0.014999999999999902
66,0.0,10.0,800,715,4,172,0.014999999999999902
66,0.05,10.0,800,754,4,304,0.015000000000000013
66,0.1,10.0,796,790,4,274,0.015000000000000013
66,0.15000000000000002,10.0,792,763,4,189,0.015000000000000013
66,0.2,10.0,784,726,4,172,0.014999999999999902
66,0.25,10.0,776,688,4,215,0.014999999999999902
66,0.30000000000000004,10.0,764,652,4,195,0.015000000000000013
66,0.35000000000000003,10.0,752,617,4,169,0.015000000000000013
66,0.4,10.0,736,582,4,175,0.015000000000000013
66,0.45,10.0,716,548,4,155,0.015000000000000013
66,0.5,10.0,696,514,4,145,0.015000000000000013
66,0.55,10.0,672,480,4,157,0.014999999999999902
66,0.6000000000000001,10.0,644,445,4,119,0.015000000000000013
66,0.65,10.0,608,410,4,115,0.014999999999999902
66,0.7000000000000001,10.0,572,374,4,108,0.015000000000000013
66,0.75,10.0,532,337,4,110,0.015000000000000013
66,0.8,10.0,480,297,4,98,0.014999999999999902
66,0.8500000000000001,10.0,424,254,4,71,0.015000000000000013
66,0.9,10.0,352,205,4,61,0.014999999999999902
67,0.0,10.0,800,715,4,172,0.014999999999999902
67,0.05,10.0,800,754,4,304,0.015000000000000013
67,0.1,10.0,796,790,4,274,0.015000000000000013
67,0.15000000000000002,10.0,792,763,4,189,0.015000000000000013
67,0.2,10.0,784,726,4,172,0.014999999999999902
67,0.25,10.0,776,688,4,215,0.014999999999999902
67,0.30000000000000004,10.0,764,652,4,195,0.015000000000000013
67,0.35000000000000003,10.0,752,617,4,169,0.015000000000000013
67,0.4,10.0,736,582,4,175,0.015000000000000013
67,0.45,10.0,716,548,4,155,0.015000000000000013
67,0.5,10.0,696,514,4,145,0.015000000000000013
67,0.55,10.0,672,480,4,157,0.014999999999999902
67,0.6000000000000001,10.0,644,445,4,119,0.015000000000000013
67,0.65,10.0,608,410,4,115,0.014999999999999902
67,0.7000000000000001,10.0,572,374,4,108,0.015000000000000013
67,0.75,10.0,532,337,4,110,0.015000000000000013
67,0.8,10.0,480,297,4,98,0.014999999999999902
67,0.8500000000000001,10.0,424,254,4,71,0.015000000000000013
67,0.9,10.0,352,205,4,61,0.014999999999999902
68,0.0,10.0,800,715,4,172,0.014999999999999902
68,0.05,10.0,800,754,4,304,0.015000000000000013
68,0.1,10.0,796,790,4,274,0.015000000000000013
68,0.15000000000000002,10.0,792,763,4,189,0.015000000000000013
68,0.2,10.0,784,726,4,172,0.014999999999999902
68,0.25,10.0,776,688,4,215,0.014999999999999902
68,0.30000000000000004,10.0,764,652,4,195,0.015000000000000013
68,0.35000000000000003,10.0,752,617,4,169,0.015000000000000013
68,0.4,10.0,736,582,4,175,0.015000000000000013
68,0.45,10.0,716,548,4,155,0.015000000000000013
68,0.5,10.0,696,514,4,145,0.015000000000000013
68,0.55,10.0,672,480,4,157,0.014999999999999902
68,0.6000000000000001,10.0,644,445,4,119,0.015000000000000013
68,0.65,10.0,608,410,4,115,0.014999999999999902
68,0.7000000000000001,10.0,572,374,4,108,0.015000000000000013
68,0.75,10.0,532,337,4,110,0.015000000000000013
68,0.8,10.0,480,297,4,98,0.014999999999999902
68,0.8500000000000001,10.0,424,254,4,71,0.015000000000000013
68,0.9,10.0,352,205,4,61,0.014999999999999902
69,0.0,10.0,800,715,4,172,0.014999999999999902
69,0.05,10.0,800,754,4,304,0.015000000000000013
69,0.1,10.0,796,790,4,274,0.015000000000000013
69,0.15000000000000002,10.0,792,763,4,189,0.015000000000000013
69,0.2,10.0,784,726,4,172,0.014999999999999902
69,0.25,10.0,776,688,4,215,0.014999999999999902
69,0.30000000000000004,10.0,764,652,4,195,0.015000000000000013
69,0.35000000000000003,10.0,752,617,4,169,0.015000000000000013
69,0.4,10.0,736,582,4,175,0.015000000000000013
69,0.45,10.0,716,548,4,155,0.015000000000000013
69,0.5,10.0,696,514,4,145,0.015000000000000013
69,0.55,10.0,672,480,4,157,0.014999999999999902
69,0.6000000000000001,10.0,644,445,4,119,0.015000000000000013
69,0.65,10.0,608,410,4,115,0.014999999999999902
69,0.7000000000000001,10.0,572,374,4,108,0.015000000000000013
69,0.75,10.0,532,337,4,110,0.015000000000000013
69,0.8,10.0,480,297,4,98,0.014999999999999902
69,0.8500000000000001,10.0,424,254,4,71,0.015000000000000013
69,0.9,10.0,352,205,4,61,0.014999999999999902
70,0.0,10.0,800,715,4,172,0.014999999999999902
70,0.05,10.0,800,754,4,304,0.015000000000000013
70,0.1,10.0,796,790,4,274,0.015000000000000013
70,0.15000000000000002,10.0,792,763,4,189,0.015000000000000013
70,0.2,10.0,784,726,4,172,0.014999999999999902
70,0.25,10.0,776,688,4,215,0.014999999999999902
70,0.30000000000000004,10.0,764,652,4,195,0.015000000000000013
70,0.35000000000000003,10.0,752,617,4,169,0.015000000000000013
70,0.4,10.0,736,582,4,175,0.015000000000000013
70,0.45,10.0,716,548,4,155,0.015000000000000013
70,0.5,10.0,696,514,4,145,0.015000000000000013
70,0.55,10.0,672,480,4,157,0.014999999999999902
70,0.6000000000000001,10.0,644,445,4,119,0.015000000000000013
70,0.65,10.0,608,410,4,115,0.014999999999999902
70,0.7000000000000001,10.0,572,374,4,108,0.015000000000000013
70,0.75,10.0,532,337,4,110,0.015000000000000013
70,0.8,10.0,480,297,4,98,0.014999999999999902
70,0.8500000000000001,10.0,424,254,4,71,0.015000000000000013
70,0.9,10.0,352,205,4,61,0.014999999999999902
71,0.0,10.0,800,715,4,172,0.014999999999999902
71,0.05,10.0,800,754,4,304,0.015000000000000013
71,0.1,10.0,796,790,4,274,0.015000000000000013
71,0.15000000000000002,10.0,792,763,4,189,0.015000000000000013
71,0.2,10.0,784,726,4,172,0.014999999999999902
71,0.25,10.0,776,688,4,215,0.014999999999999902
71,0.30000000000000004,10.0,764,652,4,195,0.015000000000000013
71,0.35000000000000003,10.0,752,617,4,169,0.015000000000000013
71,0.4,10.0,736,582,4,175,0.015000000000000013
71,0.45,10.0,716,548,4,155,0.015000000000000013
71,0.5,10.0,696,514,4,145,0.015000000000000013
71,0.55,10.0,672,480,4,157,0.014999999999999902
71,0.6000000000000001,10.0,644,445,4,119,0.015000000000000013
71,0.65,10.0,608,410,4,115,0.014999999999999902
71,0.7000000000000001,10.0,572,374,4,108,0.015000000000000013
71,0.75,10.0,532,337,4,110,0.015000000000000013
71,0.8,10.0,480,297,4,98,0.014999999999999902
71,0.8500000000000001,10.0,424,254,4,71,0.015000000000000013
71,0.9,10.0,352,205,4,61,0.014999999999999902
72,0.0,10.0,800,715,4,172,0.014999999999999902
72,0.05,10.0,800,754,4,304,0.015000000000000013
72,0.1,10.0,796,790,4,274,0.015000000000000013
72,0.15000000000000002,10.0,792,763,4,189,0.015000000000000013
72,0.2,10.0,784,726,4,172,0.014999999999999902
72,0.25,10.0,776,688,4,215,0.014999999999999902
72,0.30000000000000004,10.0,764,652,4,195,0.015000000000000013
72,0.35000000000000003,10.0,752,617,4,169,0.015000000000000013
72,0.4,10.0,736,582,4,175,0.015000000000000013
72,0.45,10.0,716,548,4,155,0.015000000000000013
72,0.5,10.0,696,514,4,145,0.015000000000000013
72,0.55,10.0,672,480,4,157,0.014999999999999902
72,0.6000000000000001,10.0,644,445,4,119,0.015000000000000013
72,0.65,10.0,608,410,4,115,0.014999999999999902
72,0.7000000000000001,10.0,572,374,4,108,0.015000000000000013
72,0.75,10.0,532,337,4,110,0.015000000000000013
72,0.8,10.0,480,297,4,98,0.014999999999999902
72,0.8500000000000001,10.0,424,254,4,71,0.015000000000000013
72,0.9,10.0,352,205,4,61,0.014999999999999902
73,0.0,10.0,800,715,4,172,0.014999999999999902
73,0.05,10.0,800,754,4,304,0.015000000000000013
73,0.1,10.0,796,790,4,274,0.015000000000000013
73,0.15000000000000002,10.0,792,763,4,189,0.015000000000000013
73,0.2,10.0,784,726,4,172,0.014999999999999902
73,0.25,10.0,776,688,4,215,0.014999999999999902
73,0.30000000000000004,10.0,764,652,4,195,0.015000000000000013
73,0.35000000000000003,10.0,752,617,4,169,0.015000000000000013
73,0.4,10.0,736,582,4,175,0.015000000000000013
73,0.45,10.0,716,548,4,155,0.015000000000000013
73,0.5,10.0,696,514,4,145,0.015000000000000013
73,0.55,10.0,672,480,4,157,0.014999999999999902
73,0.6000000000000001,10.0,644,445,4,119,0.015000000000000013
73,0.65,10.0,608,410,4,115,0.014999999999999902
73,0.7000000000000001,10.0,572,374,4,108,0.015000000000000013
73,0.75,10.0,532,337,4,110,0.015000000000000013
73,0.8,10.0,480,297,4,98,0.014999999999999902
73,0.8500000000000001,10.0,424,254,4,71,0.015000000000000013
73,0.9,10.0,352,205,4,61,0.014999999999999902
74,0.0,10.0,800,715,4,172,0.014999999999999902
74,0.05,10.0,800,754,4,304,0.015000000000000013
74,0.1,10.0,796,790,4,274,0.015000000000000013
74,0.15000000000000002,10.0,792,763,4,189,0.015000000000000013
74,0.2,10.0,784,726,4,172,0.014999999999999902
74,0.25,10.0,776,688,4,215,0.014999999999999902
74,0.30000000000000004,10.0,764,652,4,195,0.015000000000000013
74,0.35000000000000003,10.0,752,617,4,169,0.015000000000000013
74,0.4,10.0,736,582,4,175,0.015000000000000013
74,0.45,10.0,716,548,4,155,0.015000000000000013
74,0.5,10.0,696,514,4,145,0.015000000000000013
74,0.55,10.0,672,480,4,157,0.014999999999999902
74,0.6000000000000001,10.0,644,445,4,119,0.015000000000000013
74,0.65,10.0,608,410,4,115,0.014999999999999902
74,0.7000000000000001,10.0,572,374,4,108,0.015000000000000013
74,0.75,10.0,532,337,4,110,0.015000000000000013
74,0.8,10.0,480,297,4,98,0.014999999999999902
74,0.8500000000000001,10.0,424,254,4,71,0.015000000000000013
74,0.9,10.0,352,205,4,61,0.014999999999999902
75,0.0,10.0,800,715,4,172,0.014999999999999902
75,0.05,10.0,800,754,4,304,0.015000000000000013
75,0.1,10.0,796,790,4,274,0.015000000000000013
75,0.15000000000000002,10.0,792,763,4,189,0.015000000000000013
75,0.2,10.0,784,726,4,172,0.014999999999999902
75,0.25,10.0,776,688,4,215,0.014999999999999902
75,0.30000000000000004,10.0,764,652,4,195,0.015000000000000013
75,0.35000000000000003,10.0,752,617,4,169,0.015000000000000013
75,0.4,10.0,736,582,4,175,0.015000000000000013
75,0.45,10.0,716,548,4,155,0.015000000000000013
75,0.5,10.0,696,514,4,145,0.015000000000000013
75,0.55,10.0,672,480,4,157,0.014999999999999902
75,0.6000000000000001,10.0,644,445,4,119,0.015000000000000013
75,0.65,10.0,608,410,4,115,0.014999999999999902
75,0.7000000000000001,10.0,572,374,4,108,0.015000000000000013
75,0.75,10.0,532,337,4,110,0.015000000000000013
75,0.8,10.0,480,297,4,98,0.014999999999999902
75,0.8500000000000001,10.0,424,254,4,71,0.015000000000000013
75,0.9,10.0,352,205,4,61,0.014999999999999902
76,0.0,10.0,800,715,4,172,0.014999999999999902
76,0.05,10.0,800,754,4,304,0.015000000000000013
76,0.1,10.0,796,790,4,274,0.015000000000000013
76,0.15000000000000002,10.0,792,763,4,189,0.015000000000000013
76,0.2,10.0,784,726,4,172,0.014999999999999902
76,0.25,10.0,776,688,4,215,0.014999999999999902
76,0.30000000000000004,10.0,764,652,4,195,0.015000000000000013
76,0.35000000000000003,10.0,752,617,4,169,0.015000000000000013
76,0.4,10.0,736,582,4,175,0.015000000000000013
76,0.45,10.0,716,548,4,155,0.015000000000000013
76,0.5,10.0,696,514,4,145,0.015000000000000013
76,0.55,10.0,672,480,4,157,0.014999999999999902
76,0.6000000000000001,10.0,644,445,4,119,0.015000000000000013
76,0.65,10.0,608,410,4,115,0.014999999999999902
76,0.7000000000000001,10.0,572,374,4,108,0.015000000000000013
76,0.75,10.0,532,337,4,110,0.015000000000000013
76,0.8,10.0,480,297,4,98,0.014999999999999902
76,0.8500000000000001,10.0,424,254,4,71,0.015000000000000013
76,0.9,10.0,352,205,4,61,0.014999999999999902
77,0.0,10.0,800,715,4,172,0.014999999999999902
77,0.05,10.0,800,754,4,304,0.015000000000000013
77,0.1,10.0,796,790,4,274,0.015000000000000013
77,0.15000000000000002,10.0,792,763,4,189,0.015000000000000013
77,0.2,10.0,784,726,4,172,0.014999999999999902
77,0.25,10.0,776,688,4,215,0.014999999999999902
77,0.30000000000000004,10.0,764,652,4,195,0.015000000000000013
77,0.35000000000000003,10.0,752,617,4,169,0.015000000000000013
77,0.4,10.0,736,582,4,175,0.015000000000000013
77,0.45,10.0,716,548,4,155,0.015000000000000013
77,0.5,10.0,696,514,4,145,0.015000000000000013
77,0.55,10.0,672,480,4,157,0.014999999999999902
77,0.6000000000000001,10.0,644,445,4,119,0.015000000000000013
77,0.65,10.0,608,410,4,115,0.014999999999999902
77,0.7000000000000001,10.0,572,374,4,108,0.015000000000000013
77,0.75,10.0,532,337,4,110,0.015000000000000013
77,0.8,10.0,480,297,4,98,0.014999999999999902
77,0.8500000000000001,10.0,424,254,4,71,0.015000000000000013
77,0.9,10.0,352,205,4,61,0.014999999999999902
78,0.0,10.0,800,715,4,172,0.014999999999999902
78,0.05,10.0,800,754,4,304,0.015000000000000013
78,0.1,10.0,796,790,4,274,0.015000000000000013
78,0.15000000000000002,10.0,792,763,4,189,0.015000000000000013
78,0.2,10.0,784,726,4,172,0.014999999999999902
78,0.25,10.0,776,688,4,215,0.014999999999999902
78,0.30000000000000004,10.0,764,652,4,195,0.015000000000000013
78,0.35000000000000003,10.0,752,617,4,169,0.015000000000000013
78,0.4,10.0,736,582,4,175,0.015000000000000013
78,0.45,10.0,716,548,4,155,0.015000000000000013
78,0.5,10.0,696,514,4,145,0.015000000000000013
78,0.55,10.0,672,480,4,157,0.014999999999999902
78,0.6000000000000001,10.0,644,445,4,119,0.015000000000000013
78,0.65,10.0,608,410,4,115,0.014999999999999902
78,0.7000000000000001,10.0,572,374,4,108,0.015000000000000013
78,0.75,10.0,532,337,4,110,0.015000000000000013
78,0.8,10.0,480,297,4,98,0.014999999999999902
78,0.8500000000000001,10.0,424,254,4,71,0.015000000000000013
78,0.9,10.0,352,205,4,61,0.014999999999999902
79,0.0,10.0,800,715,4,172,0.014999999999999902
79,0.05,10.0,800,754,4,304,0.015000000000000013
79,0.1,10.0,796,790,4,274,0.015000000000000013
79,0.15000000000000002,10.0,792,763,4,189,0.015000000000000013
79,0.2,10.0,784,726,4,172,0.014999999999999902
79,0.25,10.0,776,688,4,215,0.014999999999999902
79,0.30000000000000004,10.0,764,652,4,195,0.015000000000000013
79,0.35000000000000003,10.0,752,617,4,169,0.015000000000000013
79,0.4,10.0,736,582,4,175,0.015000000000000013
79,0.45,10.0,716,548,4,155,0.015000000000000013
79,0.5,10.0,696,514,4,145,0.015000000000000013
79,0.55,10.0,672,480,4,157,0.014999999999999902
79,0.6000000000000001,10.0,644,445,4,119,0.015000000000000013
79,0.65,10.0,608,410,4,115,0.014999999999999902
79,0.7000000000000001,10.0,572,374,4,108,0.015000000000000013
79,0.75,10.0,532,337,4,110,0.015000000000000013
79,0.8,10.0,480,297,4,98,0.014999999999999902
79,0.8500000000000001,10.0,424,254,4,71,0.015000000000000013
79,0.9,10.0,352,205,4,61,0.014999999999999902
80,0.0,10.0,800,715,4,172,0.014999999999999902
80,0.05,10.0,800,754,4,304,0.015000000000000013
80,0.1,10.0,796,790,4,274,0.015000000000000013
80,0.15000000000000002,10.0,792,763,4,189,0.015000000000000013
80,0.2,10.0,784,726,4,172,0.014999999999999902
80,0.25,10.0,776,688,4,215,0.014999999999999902
80,0.30000000000000004,10.0,764,652,4,195,0.015000000000000013
80,0.35000000000000003,10.0,752,617,4,169,0.015000000000000013
80,0.4,10.0,736,582,4,175,0.015000000000000013
80,0.45,10.0,716,548,4,155,0.015000000000000013
80,0.5,10.0,696,514,4,145,0.015000000000000013
80,0.55,10.0,672,480,4,157,0.014999999999999902
80,0.6000000000000001,10.0,644,445,4,119,0.015000000000000013
80,0.65,10.0,608,410,4,115,0.014999999999999902
80,0.7000000000000001,10.0,572,374,4,108,0.015000000000000013
80,0.75,10.0,532,337,4,110,0.015000000000000013
80,0.8,10.0,480,297,4,98,0.014999999999999902
80,0.8500000000000001,10.0,424,254,4,71,0.015000000000000013
80,0.9,10.0,352,205,4,61,0.014999999999999902
81,0.0,10.0,800,715,4,172,0.014999999999999902
81,0.05,10.0,800,754,4,304,0.015000000000000013
81,0.1,10.0,796,790,4,274,0.015000000000000013
81,0.15000000000000002,10.0,792,763,4,189,0.015000000000000013
81,0.2,10.0,784,726,4,172,0.014999999999999902
81,0.25,10.0,776,688,4,215,0.014999999999999902
81,0.30000000000000004,10.0,764,652,4,195,0.015000000000000013
81,0.35000000000000003,10.0,752,617,4,169,0.015000000000000013
81,0.4,10.0,736,582,4,175,0.015000000000000013
81,0.45,10.0,716,548,4,155,0.015000000000000013
81,0.5,10.0,696,514,4,145,0.015000000000000013
81,0.55,10.0,672,480,4,157,0.014999999999999902
81,0.6000000000000001,10.0,644,445,4,119,0.015000000000000013
81,0.65,10.0,608,410,4,115,0.014999999999999902
81,0.7000000000000001,10.0,572,374,4,108,0.015000000000000013
81,0.75,10.0,532,337,4,110,0.015000000000000013
81,0.8,10.0,480,297,4,98,0.014999999999999902
81,0.8500000000000001,10.0,424,254,4,71,0.015000000000000013
81,0.9,10.0,352,205,4,61,0.014999999999999902
82,0.0,10.0,800,715,4,172,0.014999999999999902
82,0.05,10.0,800,754,4,304,0.015000000000000013
82,0.1,10.0,796,790,4,274,0.015000000000000013
82,0.15000000000000002,10.0,792,763,4,189,0.015000000000000013
82,0.2,10.0,784,726,4,172,0.014999999999999902
82,0.25,10.0,776,688,4,215,0.014999999999999902
82,0.30000000000000004,10.0,764,652,4,195,0.015000000000000013
82,0.35000000000000003,10.0,752,617,4,169,0.015000000000000013
82,0.4,10.0,736,582,4,175,0.015000000000000013
82,0.45,10.0,716,548,4,155,0.015000000000000013
82,0.5,10.0,696,514,4,145,0.015000000000000013
82,0.55,10.0,672,480,4,157,0.014999999999999902
82,0.6000000000000001,10.0,644,445,4,119,0.015000000000000013
82,0.65,10.0,608,410,4,115,0.014999999999999902
82,0.7000000000000001,10.0,572,374,4,108,0.015000000000000013
82,0.75,10.0,532,337,4,110,0.015000000000000013
82,0.8,10.0,480,297,4,98,0.014999999999999902
82,0.8500000000000001,10.0,424,254,4,71,0.015000000000000013
82,0.9,10.0,352,205,4,61,0.014999999999999902
83,0.0,10.0,800,715,4,172,0.014999999999999902
83,0.05,10.0,800,754,4,304,0.015000000000000013
83,0.1,10.0,796,790,4,274,0.015000000000000013
83,0.15000000000000002,10.0,792,763,4,189,0.015000000000000013
83,0.2,10.0,784,726,4,172,0.014999999999999902
83,0.25,10.0,776,688,4,215,0.014999999999999902
83,0.30000000000000004,10.0,764,652,4,195,0.015000000000000013
83,0.35000000000000003,10.0,752,617,4,169,0.015000000000000013
83,0.4,10.0,736,582,4,175,0.015000000000000013
83,0.45,10.0,716,548,4,155,0.015000000000000013
83,0.5,10.0,696,514,4,145,0.015000000000000013
83,0.55,10.0,672,480,4,157,0.014999999999999902
83,0.6000000000000001,10.0,644,445,4,119,0.015000000000000013
83,0.65,10.0,608,410,4,115,0.014999999999999902
83,0.7000000000000001,10.0,572,374,4,108,0.015000000000000013
83,0.75,10.0,532,337,4,110,0.015000000000000013
83,0.8,10.0,480,297,4,98,0.014999999999999902
83,0.8500000000000001,10.0,424,254,4,71,0.015000000000000013
83,0.9,10.0,352,205,4,61,0.014999999999999902
84,0.0,10.0,800,715,4,172,0.014999999999999902
84,0.05,10.0,800,754,4,304,0.015000000000000013
84,0.1,10.0,796,790,4,274,0.015000000000000013
84,0.15000000000000002,10.0,792,763,4,189,0.015000000000000013
84,0.2,10.0,784,726,4,172,0.014999999999999902
84,0.25,10.0,776,688,4,215,0.014999999999999902
84,0.30000000000000004,10.0,764,652,4,195,0.015000000000000013
84,0.35000000000000003,10.0,752,617,4,169,0.015000000000000013
84,0.4,10.0,736,582,4,175,0.015000000000000013
84,0.45,10.0,716,548,4,155,0.015000000000000013
84,0.5,10.0,696,514,4,145,0.015000000000000013
84,0.55,10.0,672,480,4,157,0.014999999999999902
84,0.6000000000000001,10.0,644,445,4,119,0.015000000000000013
84,0.65,10.0,608,410,4,115,0.014999999999999902
84,0.7000000000000001,10.0,572,374,4,108,0.015000000000000013
84,0.75,10.0,532,337,4,110,0.015000000000000013
84,0.8,10.0,480,297,4,98,0.014999999999999902
84,0.8500000000000001,10.0,424,254,4,71,0.015000000000000013
84,0.9,10.0,352,205,4,61,0.014999999999999902
85,0.0,10.0,800,715,4,172,0.014999999999999902
85,0.05,10.0,800,754,4,304,0.015000000000000013
85,0.1,10.0,796,790,4,274,0.015000000000000013
85,0.15000000000000002,10.0,792,763,4,189,0.015000000000000013
85,0.2,10.0,784,726,4,172,0.014999999999999902
85,0.25,10.0,776,688,4,215,0.014999999999999902
85,0.30000000000000004,10.0,764,652,4,195,0.015000000000000013
85,0.35000000000000003,10.0,752,617,4,169,0.015000000000000013
85,0.4,10.0,736,582,4,175,0.015000000000000013
85,0.45,10.0,716,548,4,155,0.015000000000000013
85,0.5,10.0,696,514,4,145,0.015000000000000013
85,0.55,10.0,672,480,4,157,0.014999999999999902
85,0.6000000000000001,10.0,644,445,4,119,0.015000000000000013
85,0.65,10.0,608,410,4,115,0.014999999999999902
85,0.7000000000000001,10.0,572,374,4,108,0.015000000000000013
85,0.75,10.0,532,337,4,110,0.015000000000000013
85,0.8,10.0,480,297,4,98,0.014999999999999902
85,0.8500000000000001,10.0,424,254,4,71,0.015000000000000013
85,0.9,10.0,352,205,4,61,0.014999999999999902
86,0.0,10.0,800,715,4,172,0.014999999999999902
86,0.05,10.0,800,754,4,304,0.015000000000000013
86,0.1,10.0,796,790,4,274,0.015000000000000013
86,0.15000000000000002,10.0,792,763,4,189,0.015000000000000013
86,0.2,10.0,784,726,4,172,0.014999999999999902
86,0.25,10.0,776,688,4,215,0.014999999999999902
86,0.30000000000000004,10.0,764,652,4,195,0.015000000000000013
86,0.35000000000000003,10.0,752,617,4,169,0.015000000000000013
86,0.4,10.0,736,582,4,175,0.015000000000000013
86,0.45,10.0,716,548,4,155,0.015000000000000013
86,0.5,10.0,696,514,4,145,0.015000000000000013
86,0.55,10.0,672,480,4,157,0.014999999999999902
86,0.6000000000000001,10.0,644,445,4,119,0.015000000000000013
86,0.65,10.0,608,410,4,115,0.014999999999999902
86,0.7000000000000001,10.0,572,374,4,108,0.015000000000000013
86,0.75,10.0,532,337,4,110,0.015000000000000013
86,0.8,10.0,480,297,4,98,0.014999999999999902
86,0.8500000000000001,10.0,424,254,4,71,0.015000000000000013
86,0.9,10.0,352,205,4,61,0.014999999999999902
87,0.0,10.0,800,715,4,172,0.014999999999999902
87,0.05,10.0,800,754,4,304,0.015000000000000013
87,0.1,10.0,796,790,4,274,0.015000000000000013
87,0.15000000000000002,10.0,792,763,4,189,0.015000000000000013
87,0.2,10.0,784,726,4,172,0.014999999999999902
87,0.25,10.0,776,688,4,215,0.014999999999999902
87,0.30000000000000004,10.0,764,652,4,195,0.015000000000000013
87,0.35000000000000003,10.0,752,617,4,169,0.015000000000000013
87,0.4,10.0,736,582,4,175,0.015000000000000013
87,0.45,10.0,716,548,4,155,0.015000000000000013
87,0.5,10.0,696,514,4,145,0.015000000000000013
87,0.55,10.0,672,480,4,157,0.014999999999999902
87,0.6000000000000001,10.0,644,445,4,119,0.015000000000000013
87,0.65,10.0,608,410,4,115,0.014999999999999902
87,0.7000000000000001,10.0,572,374,4,108,0.015000000000000013
87,0.75,10.0,532,337,4,110,0.015000000000000013
87,0.8,10.0,480,297,4,98,0.014999999999999902
87,0.8500000000000001,10.0,424,254,4,71,0.015000000000000013
87,0.9,10.0,352,205,4,61,0.014999999999999902
88,0.0,10.0,800,715,4,172,0.014999999999999902
88,0.05,10.0,800,754,4,304,0.015000000000000013
88,0.1,10.0,796,790,4,274,0.015000000000000013
88,0.15000000000000002,10.0,792,763,4,189,0.015000000000000013
88,0.2,10.0,784,726,4,172,0.014999999999999902
88,0.25,10.0,776,688,4,215,0.014999999999999902
88,0.30000000000000004,10.0,764,652,4,195,0.015000000000000013
88,0.35000000000000003,10.0,752,617,4,169,0.015000000000000013
88,0.4,10.0,736,582,4,175,0.015000000000000013
88,0.45,10.0,716,548,4,155,0.015000000000000013
88,0.5,10.0,696,514,4,145,0.015000000000000013
88,0.55,10.0,672,480,4,157,0.014999999999999902
88,0.6000000000000001,10.0,644,445,4,119,0.015000000000000013
88,0.65,10.0,608,410,4,115,0.014999999999999902
88,0.7000000000000001,10.0,572,374,4,108,0.015000000000000013
88,0.75,10.0,532,337,4,110,0.015000000000000013
88,0.8,10.0,480,297,4,98,0.014999999999999902
88,0.8500000000000001,10.0,424,254,4,71,0.015000000000000013
88,0.9,10.0,352,205,4,61,0.014999999999999902
89,0.0,10.0,800,715,4,172,0.014999999999999902
89,0.05,10.0,800,754,4,304,0.015000000000000013
89,0.1,10.0,796,790,4,274,0.015000000000000013
89,0.15000000000000002,10.0,792,763,4,189,0.015000000000000013
89,0.2,10.0,784,726,4,172,0.014999999999999902
89,0.25,10.0,776,688,4,215,0.014999999999999902
89,0.30000000000000004,10.0,764,652,4,195,0.015000000000000013
89,0.35000000000000003,10.0,752,617,4,169,0.015000000000000013
89,0.4,10.0,736,582,4,175,0.015000000000000013
89,0.45,10.0,716,548,4,155,0.015000000000000013
89,0.5,10.0,696,514,4,145,0.015000000000000013
89,0.55,10.0,672,480,4,157,0.014999999999999902
89,0.6000000000000001,10.0,644,445,4,119,0.015000000000000013
89,0.65,10.0,608,410,4,115,0.014999999999999902
89,0.7000000000000001,10.0,572,374,4,108,0.015000000000000013
89,0.75,10.0,532,337,4,110,0.015000000000000013
89,0.8,10.0,480,297,4,98,0.014999999999999902
89,0.8500000000000001,10.0,424,254,4,71,0.015000000000000013
89,0.9,10.0,352,205,4,61,0.014999999999999902
90,0.0,10.0,800,715,4,172,0.014999999999999902
90,0.05,10.0,800,754,4,304,0.015000000000000013
90,0.1,10.0,796,790,4,274,0.015000000000000013
90,0.15000000000000002,10.0,792,763,4,189,0.015000000000000013
90,0.2,10.0,784,726,4,172,0.014999999999999902
90,0.25,10.0,776,688,4,215,0.014999999999999902
90,0.30000000000000004,10.0,764,652,4,195,0.015000000000000013
90,0.35000000000000003,10.0,752,617,4,169,0.015000000000000013
90,0.4,10.0,736,582,4,175,0.015000000000000013
90,0.45,10.0,716,548,4,155,0.015000000000000013
90,0.5,10.0,696,514,4,145,0.015000000000000013
90,0.55,10.0,672,480,4,157,0.014999999999999902
90,0.6000000000000001,10.0,644,445,4,119,0.015000000000000013
90,0.65,10.0,608,410,4,115,0.014999999999999902
90,0.7000000000000001,10.0,572,374,4,108,0.015000000000000013
90,0.75,10.0,532,337,4,110,0.015000000000000013
90,0.8,10.0,480,297,4,98,0.014999999999999902
90,0.8500000000000001,10.0,424,254,4,71,0.015000000000000013
90,0.9,10.0,352,205,4,61,0.014999999999999902
91,0.0,10.0,800,715,4,172,0.014999999999999902
91,0.05,10.0,800,754,4,304,0.015000000000000013
91,0.1,10.0,796,790,4,274,0.015000000000000013
91,0.15000000000000002,10.0,792,763,4,189,0.015000000000000013
91,0.2,10.0,784,726,4,172,0.014999999999999902
91,0.25,10.0,776,688,4,215,0.014999999999999902
91,0.30000000000000004,10.0,764,652,4,195,0.015000000000000013
91,0.35000000000000003,10.0,752,617,4,169,0.015000000000000013
91,0.4,10.0,736,582,4,175,0.015000000000000013
91,0.45,10.0,716,548,4,155,0.015000000000000013
91,0.5,10.0,696,514,4,145,0.015000000000000013
91,0.55,10.0,672,480,4,157,0.014999999999999902
91,0.6000000000000001,10.0,644,445,4,119,0.015000000000000013
91,0.65,10.0,608,410,4,115,0.014999999999999902
91,0.7000000000000001,10.0,572,374,4,108,0.015000000000000013
91,0.75,10.0,532,337,4,110,0.015000000000000013
91,0.8,10.0,480,297,4,98,0.014999999999999902
91,0.8500000000000001,10.0,424,254,4,71,0.015000000000000013
91,0.9,10.0,352,205,4,61,0.014999999999999902
92,0.0,10.0,800,715,4,172,0.014999999999999902
92,0.05,10.0,800,754,4,304,0.015000000000000013
92,0.1,10.0,796,790,4,274,0.015000000000000013
92,0.15000000000000002,10.0,792,763,4,189,0.015000000000000013
92,0.2,10.0,784,726,4,172,0.014999999999999902
92,0.25,10.0,776,688,4,215,0.014999999999999902
92,0.30000000000000004,10.0,764,652,4,195,0.015000000000000013
92,0.35000000000000003,10.0,752,617,4,169,0.015000000000000013
92,0.4,10.0,736,582,4,175,0.015000000000000013
92,0.45,10.0,716,548,4,155,0.015000000000000013
92,0.5,10.0,696,514,4,145,0.015000000000000013
92,0.55,10.0,672,480,4,157,0.014999999999999902
92,0.6000000000000001,10.0,644,445,4,119,0.015000000000000013
92,0.65,10.0,608,410,4,115,0.014999999999999902
92,0.7000000000000001,10.0,572,374,4,108,0.015000000000000013
92,0.75,10.0,532,337,4,110,0.015000000000000013
92,0.8,10.0,480,297,4,98,0.014999999999999902
92,0.8500000000000001,10.0,424,254,4,71,0.015000000000000013
92,0.9,10.0,352,205,4,61,0.014999999999999902
93,0.0,10.0,800,715,4,172,0.014999999999999902
93,0.05,10.0,800,754,4,304,0.015000000000000013
93,0.1,10.0,796,790,4,274,0.015000000000000013
93,0.15000000000000002,10.0,792,763,4,189,0.015000000000000013
93,0.2,10.0,784,726,4,172,0.014999999999999902
93,0.25,10.0,776,688,4,215,0.014999999999999902
93,0.30000000000000004,10.0,764,652,4,195,0.015000000000000013
93,0.35000000000000003,10.0,752,617,4,169,0.015000000000000013
93,0.4,10.0,736,582,4,175,0.015000000000000013
93,0.45,10.0,716,548,4,155,0.015000000000000013
93,0.5,10.0,696,514,4,145,0.015000000000000013
93,0.55,10.0,672,480,4,157,0.014999999999999902
93,0.6000000000000001,10.0,644,445,4,119,0.015000000000000013
93,0.65,10.0,608,410,4,115,0.014999999999999902
93,0.7000000000000001,10.0,572,374,4,108,0.015000000000000013
93,0.75,10.0,532,337,4,110,0.015000000000000013
93,0.8,10.0,480,297,4,98,0.014999999999999902
93,0.8500000000000001,10.0,424,254,4,71,0.015000000000000013
93,0.9,10.0,352,205,4,61,0.014999999999999902
94,0.0,10.0,800,715,4,172,0.014999999999999902
94,0.05,10.0,800,754,4,304,0.015000000000000013
94,0.1,10.0,796,790,4,274,0.015000000000000013
94,0.15000000000000002,10.0,792,763,4,189,0.015000000000000013
94,0.2,10.0,784,726,4,172,0.014999999999999902
94,0.25,10.0,776,688,4,215,0.014999999999999902
94,0.30000000000000004,10.0,764,652,4,195,0.015000000000000013
94,0.35000000000000003,10.0,752,617,4,169,0.015000000000000013
94,0.4,10.0,736,582,4,175,0.015000000000000013
94,0.45,10.0,716,548,4,155,0.015000000000000013
94,0.5,10.0,696,514,4,145,0.015000000000000013
94,0.55,10.0,672,480,4,157,0.014999999999999902
94,0.6000000000000001,10.0,644,445,4,119,0.015000000000000013
94,0.65,10.0,608,410,4,115,0.014999999999999902
94,0.7000000000000001,10.0,572,374,4,108,0.015000000000000013
94,0.75,10.0,532,337,4,110,0.015000000000000013
94,0.8,10.0,480,297,4,98,0.014999999999999902
94,0.8500000000000001,10.0,424,254,4,71,0.015000000000000013
94,0.9,10.0,352,205,4,61,0.014999999999999902
95,0.0,10.0,800,715,4,172,0.014999999999999902
95,0.05,10.0,800,754,4,304,0.015000000000000013
95,0.1,10.0,796,790,4,274,0.015000000000000013
95,0.15000000000000002,10.0,792,763,4,189,0.015000000000000013
95,0.2,10.0,784,726,4,172,0.014999999999999902
95,0.25,10.0,776,688,4,215,0.014999999999999902
95,0.30000000000000004,10.0,764,652,4,195,0.015000000000000013
95,0.35000000000000003,10.0,752,617,4,169,0.015000000000000013
95,0.4,10.0,736,582,4,175,0.015000000000000013
95,0.45,10.0,716,548,4,155,0.015000000000000013
95,0.5,10.0,696,514,4,145,0.015000000000000013
95,0.55,10.0,672,480,4,157,0.014999999999999902
95,0.6000000000000001,10.0,644,445,4,119,0.015000000000000013
95,0.65,10.0,608,410,4,115,0.014999999999999902
95,0.7000000000000001,10.0,572,374,4,108,0.015000000000000013
95,0.75,10.0,532,337,4,110,0.015000000000000013
95,0.8,10.0,480,297,4,98,0.014999999999999902
95,0.8500000000000001,10.0,424,254,4,71,0.015000000000000013
95,0.9,10.0,352,205,4,61,0.014999999999999902
96,0.0,10.0,800,715,4,172,0.014999999999999902
96,0.05,10.0,800,754,4,304,0.015000000000000013
96,0.1,10.0,796,790,4,274,0.015000000000000013
96,0.15000000000000002,10.0,792,763,4,189,0.015000000000000013
96,0.2,10.0,784,726,4,172,0.014999999999999902
96,0.25,10.0,776,688,4,215,0.014999999999999902
96,0.30000000000000004,10.0,764,652,4,195,0.015000000000000013
96,0.35000000000000003,10.0,752,617,4,169,0.015000000000000013
96,0.4,10.0,736,582,4,175,0.015000000000000013
96,0.45,10.0,716,548,4,155,0.015000000000000013
96,0.5,10.0,696,514,4,145,0.015000000000000013
96,0.55,10.0,672,480,4,157,0.014999999999999902
96,0.6000000000000001,10.0,644,445,4,119,0.015000000000000013
96,0.65,10.0,608,410,4,115,0.014999999999999902
96,0.7000000000000001,10.0,572,374,4,108,0.015000000000000013
96,0.75,10.0,532,337,4,110,0.015000000000000013
96,0.8,10.0,480,297,4,98,0.014999999999999902
96,0.8500000000000001,10.0,424,254,4,71,0.015000000000000013
96,0.9,10.0,352,205,4,61,0.014999999999999902
97,0.0,10.0,800,715,4,172,0.014999999999999902
97,0.05,10.0,800,754,4,304,0.015000000000000013
97,0.1,10.0,796,790,4,274,0.015000000000000013
97,0.15000000000000002,10.0,792,763,4,189,0.015000000000000013
97,0.2,10.0,784,726,4,172,0.014999999999999902
97,0.25,10.0,776,688,4,215,0.014999999999999902
97,0.30000000000000004,10.0,764,652,4,195,0.015000000000000013
97,0.35000000000000003,10.0,752,617,4,169,0.015000000000000013
97,0.4,10.0,736,582,4,175,0.015000000000000013
97,0.45,10.0,716,548,4,155,0.015000000000000013
97,0.5,10.0,696,514,4,145,0.015000000000000013
97,0.55,10.0,672,480,4,157,0.014999999999999902
97,0.6000000000000001,10.0,644,445,4,119,0.015000000000000013
97,0.65,10.0,608,410,4,115,0.014999999999999902
97,0.7000000000000001,10.0,572,374,4,108,0.015000000000000013
97,0.75,10.0,532,337,4,110,0.015000000000000013
97,0.8,10.0,480,297,4,98,0.014999999999999902
97,0.8500000000000001,10.0,424,254,4,71,0.015000000000000013
97,0.9,10.0,352,205,4,61,0.014999999999999902
98,0.0,10.0,800,715,4,172,0.014999999999999902
98,0.05,10.0,800,754,4,304,0.015000000000000013
98,0.1,10.0,796,790,4,274,0.015000000000000013
98,0.15000000000000002,10.0,792,763,4,189,0.015000000000000013
98,0.2,10.0,784,726,4,172,0.014999999999999902
98,0.25,10.0,776,688,4,215,0.014999999999999902
98,0.30000000000000004,10.0,764,652,4,195,0.015000000000000013
98,0.35000000000000003,10.0,752,617,4,169,0.015000000000000013
98,0.4,10.0,736,582,4,175,0.015000000000000013
98,0.45,10.0,716,548,4,155,0.015000000000000013
98,0.5,10.0,696,514,4,145,0.015000000000000013
98,0.55,10.0,672,480,4,157,0.014999999999999902
98,0.6000000000000001,10.0,644,445,4,119,0.015000000000000013
98,0.65,10.0,608,410,4,115,0.014999999999999902
98,0.7000000000000001,10.0,572,374,4,108,0.015000000000000013
98,0.75,10.0,532,337,4,110,0.015000000000000013
98,0.8,10.0,480,297,4,98,0.014999999999999902
98,0.8500000000000001,10.0,424,254,4,71,0.015000000000000013
98,0.9,10.0,352,205,4,61,0.014999999999999902
99,0.0,10.0,800,715,4,172,0.014999999999999902
99,0.05,10.0,800,754,4,304,0.015000000000000013
99,0.1,10.0,796,790,4,274,0.015000000000000013
99,0.15000000000000002,10.0,792,763,4,189,0.015000000000000013
99,0.2,10.0,784,726,4,172,0.014999999999999902
99,0.25,10.0,776,688,4,215,0.014999999999999902
99,0.30000000000000004,10.0,764,652,4,195,0.015000000000000013
99,0.35000000000000003,10.0,752,617,4,169,0.015000000000000013
99,0.4,10.0,736,582,4,175,0.015000000000000013
99,0.45,10.0,716,548,4,155,0.015000000000000013
99,0.5,10.0,696,514,4,145,0.015000000000000013
99,0.55,10.0,672,480,4,157,0.014999999999999902
99,0.6000000000000001,10.0,644,445,4,119,0.015000000000000013
99,0.65,10.0,608,410,4,115,0.014999999999999902
99,0.7000000000000001,10.0,572,374,4,108,0.015000000000000013
99,0.75,10.0,532,337,4,110,0.015000000000000013
99,0.8,10.0,480,297,4,98,0.014999999999999902
99,0.8500000000000001,10.0,424,254,4,71,0.015000000000000013
99,0.9,10.0,352,205,4,61,0.014999999999999902
100,0.0,10.0,800,715,4,172,0.014999999999999902
100,0.05,10.0,800,754,4,304,0.015000000000000013
100,0.1,10.0,796,790,4,274,0.015000000000000013
100,0.15000000000000002,10.0,792,763,4,189,0.015000000000000013
100,0.2,10.0,784,726,4,172,0.014999999999999902
100,0.25,10.0,776,688,4,215,0.014999999999999902
100,0.30000000000000004,10.0,764,652,4,195,0.015000000000000013
100,0.35000000000000003,10.0,752,617,4,169,0.015000000000000013
100,0.4,10.0,736,582,4,175,0.015000000000000013
100,0.45,10.0,716,548,4,155,0.015000000000000013
100,0.5,10.0,696,514,4,145,0.015000000000000013
100,0.55,10.0,672,480,4,157,0.014999999999999902
100,0.6000000000000001,10.0,644,445,4,119,0.015000000000000013
100,0.65,10.0,608,410,4,115,0.014999999999999902
100,0.7000000000000001,10.0,572,374,4,108,0.015000000000000013
100,0.75,10.0,532,337,4,110,0.015000000000000013
100,0.8,10.0,480,297,4,98,0.014999999999999902
100,0.8500000000000001,10.0,424,254,4,71,0.015000000000000013
100,0.9,10.0,352,205,4,61,0.014999999999999902
